<?xml version="1.0" encoding="UTF-8"?>
<metadata xml:lang="en"><Esri><CreaDate>20200220</CreaDate><CreaTime>15361700</CreaTime><ArcGISFormat>1.0</ArcGISFormat><SyncOnce>TRUE</SyncOnce><DataProperties><lineage><Process ToolSource="c:\program files\arcgis\pro\Resources\ArcToolbox\toolboxes\Conversion Tools.tbx\RasterToASCII" Date="20200220" Time="153617">RasterToASCII con_rasterc H:\VELMA\HammCreek\DataInputs\m_5_Coverage\HammCreekArea_1n2.ASC</Process></lineage></DataProperties></Esri></metadata>
