<?xml version="1.0" encoding="UTF-8"?>
<metadata xml:lang="en"><Esri><CreaDate>20200221</CreaDate><CreaTime>08474300</CreaTime><ArcGISFormat>1.0</ArcGISFormat><SyncOnce>TRUE</SyncOnce><DataProperties><lineage><Process ToolSource="c:\program files\arcgis\pro\Resources\ArcToolbox\toolboxes\Conversion Tools.tbx\RasterToASCII" Date="20200221" Time="084743">RasterToASCII hammcreekarea_cover_1990 L:\Lab\Velma\Case_Studies\WA_HammCreek\DataInputs\m_5_Coverage\hammcreek_1n2_fixednrowncol.asc</Process></lineage></DataProperties></Esri></metadata>
