<?xml version="1.0" encoding="UTF-8"?>
<metadata xml:lang="en"><Esri><CreaDate>20200220</CreaDate><CreaTime>14115800</CreaTime><ArcGISFormat>1.0</ArcGISFormat><SyncOnce>TRUE</SyncOnce><DataProperties><lineage><Process ToolSource="c:\program files\arcgis\pro\Resources\ArcToolbox\toolboxes\Conversion Tools.tbx\RasterToASCII" Date="20200220" Time="141158">RasterToASCII HammCreekArea_LandTrendrBiomassX5.tif H:\VELMA\HammCreek\DataInputs\m_4_Biomass\HammCreekArea_LandTrendrBiomassX5.ASC</Process></lineage></DataProperties></Esri></metadata>
