<?xml version="1.0" encoding="UTF-8"?>
<metadata xml:lang="en"><Esri><CreaDate>20200220</CreaDate><CreaTime>15564400</CreaTime><ArcGISFormat>1.0</ArcGISFormat><SyncOnce>TRUE</SyncOnce><DataProperties><lineage><Process ToolSource="c:\program files\arcgis\pro\Resources\ArcToolbox\toolboxes\Conversion Tools.tbx\RasterToASCII" Date="20200220" Time="155644">RasterToASCII HammCreekArea_LandTrendrBiomassX5_Clip H:\VELMA\HammCreek\DataInputs\m_4_Biomass\hammcreek_landtrendrbiomassx5.asc.ASC</Process></lineage></DataProperties></Esri></metadata>
