<PAMDataset>
  <Metadata>
    <MDI key="DataType">Generic</MDI>
  </Metadata>
  <PAMRasterBand band="1">
    <Histograms>
      <HistItem>
        <HistMin>0</HistMin>
        <HistMax>6023</HistMax>
        <BucketCount>256</BucketCount>
        <IncludeOutOfRange>1</IncludeOutOfRange>
        <Approximate>0</Approximate>
        <HistCounts>36067|387|151|37|18|90|39|0|26|16|8|10|8|53|107|8|10|62|0|9|10|0|18|9|0|0|16|43|26|0|37|0|36|223|0|191|241|107|18|19|0|0|8|17|0|0|0|0|0|0|19|0|0|0|8|9|56|35|8|17|45|8|9|36|9|27|0|37|10|9|18|52|19|0|0|8|10|8|0|0|0|9|10|0|10|0|0|0|19|17|8|17|25|9|9|19|0|0|0|10|0|0|28|0|0|44|45|0|0|37|9|20|9|28|39|45|0|26|0|0|0|9|8|0|10|9|36|0|0|10|25|0|9|8|0|36|0|8|9|0|35|0|28|0|0|0|8|18|28|17|0|0|9|0|8|0|0|36|0|0|9|10|0|0|10|18|8|9|0|44|36|0|26|8|0|10|0|0|27|0|9|0|0|25|9|45|0|19|57|0|48|0|9|0|0|0|0|0|10|8|47|0|37|0|18|0|0|8|0|0|0|0|10|9|16|352|0|36|0|19|80|0|0|0|0|106|0|0|0|0|0|0|0|0|0|27|0|0|0|0|26|0|0|0|0|10|0|0|0|0|0|0|0|0|0|9</HistCounts>
      </HistItem>
    </Histograms>
    <Metadata>
      <MDI key="RepresentationType">ATHEMATIC</MDI>
      <MDI key="STATISTICS_COVARIANCES">881487.7323024728,168369.1187277507,619294.0105531971,1108416.821981449</MDI>
      <MDI key="STATISTICS_EXCLUDEDVALUES"></MDI>
      <MDI key="STATISTICS_MAXIMUM">6023</MDI>
      <MDI key="STATISTICS_MEAN">250.84806643408</MDI>
      <MDI key="STATISTICS_MINIMUM">0</MDI>
      <MDI key="STATISTICS_SKIPFACTORX">1</MDI>
      <MDI key="STATISTICS_SKIPFACTORY">1</MDI>
      <MDI key="STATISTICS_STDDEV">938.87578108207</MDI>
    </Metadata>
  </PAMRasterBand>
  <PAMRasterBand band="2">
    <Histograms>
      <HistItem>
        <HistMin>0</HistMin>
        <HistMax>4148</HistMax>
        <BucketCount>256</BucketCount>
        <IncludeOutOfRange>1</IncludeOutOfRange>
        <Approximate>0</Approximate>
        <HistCounts>36642|202|75|334|81|27|10|116|36|39|0|36|8|25|17|8|8|26|124|19|56|92|10|80|9|24|0|9|29|0|37|0|0|9|19|16|18|52|10|83|9|8|37|45|10|98|8|421|27|73|91|200|0|27|9|0|9|62|19|9|9|41|10|9|0|10|18|0|0|0|9|27|0|0|44|9|8|10|16|36|46|10|8|9|0|9|8|18|20|9|27|26|9|44|0|0|17|8|20|28|52|8|18|8|19|0|28|0|0|0|9|8|28|0|0|8|0|0|20|0|0|34|0|0|10|0|0|9|0|29|9|0|0|0|0|0|0|0|0|0|0|27|0|0|10|0|0|8|0|0|0|25|19|18|18|0|0|0|0|44|0|19|18|0|0|0|10|0|0|0|0|0|0|0|0|0|0|0|0|0|0|0|0|0|0|0|0|9|0|0|0|0|0|17|8|0|0|0|0|0|0|0|9|0|0|0|0|0|0|0|0|9|0|0|0|0|0|0|0|0|0|0|0|0|0|0|0|0|0|0|0|0|0|0|0|0|0|0|0|0|9|0|0|0|0|0|0|0|0|0|0|0|0|0|0|8</HistCounts>
      </HistItem>
    </Histograms>
    <Metadata>
      <MDI key="RepresentationType">ATHEMATIC</MDI>
      <MDI key="STATISTICS_COVARIANCES">168369.1187277507,118481.572706787,41088.38225599464,316601.7439335926</MDI>
      <MDI key="STATISTICS_EXCLUDEDVALUES"></MDI>
      <MDI key="STATISTICS_MAXIMUM">4148</MDI>
      <MDI key="STATISTICS_MEAN">83.79209866837</MDI>
      <MDI key="STATISTICS_MINIMUM">0</MDI>
      <MDI key="STATISTICS_SKIPFACTORX">1</MDI>
      <MDI key="STATISTICS_SKIPFACTORY">1</MDI>
      <MDI key="STATISTICS_STDDEV">344.21152320454</MDI>
    </Metadata>
  </PAMRasterBand>
  <PAMRasterBand band="3">
    <Histograms>
      <HistItem>
        <HistMin>0</HistMin>
        <HistMax>5333</HistMax>
        <BucketCount>256</BucketCount>
        <IncludeOutOfRange>1</IncludeOutOfRange>
        <Approximate>0</Approximate>
        <HistCounts>36425|1878|148|279|0|0|323|18|0|18|0|0|19|46|0|0|0|0|0|0|0|0|0|0|0|0|0|0|0|25|0|0|0|0|0|8|0|0|0|29|0|0|0|0|0|0|0|0|0|0|0|8|8|20|0|0|0|0|0|0|17|0|19|37|0|9|0|0|0|0|0|0|0|0|0|0|0|0|64|0|18|0|0|0|0|0|0|0|0|0|0|0|0|10|0|0|0|0|0|0|0|0|0|0|0|0|0|0|0|10|0|0|0|0|0|0|0|0|0|0|142|0|0|0|0|0|71|10|0|0|0|0|0|0|0|0|0|0|0|0|0|0|0|0|0|0|45|0|0|0|0|0|0|0|0|0|0|0|132|0|0|0|0|0|0|0|0|0|0|0|0|0|0|0|0|247|0|0|0|0|0|0|0|0|0|0|0|0|0|0|0|0|0|0|0|0|0|0|0|0|0|0|0|0|0|0|0|0|0|0|0|0|0|0|0|0|0|0|0|0|0|0|0|0|0|0|0|0|0|0|0|0|0|0|0|0|0|0|0|0|0|0|0|451|0|0|0|0|0|0|0|0|0|0|0|168</HistCounts>
      </HistItem>
    </Histograms>
    <Metadata>
      <MDI key="RepresentationType">ATHEMATIC</MDI>
      <MDI key="STATISTICS_COVARIANCES">619294.0105531971,41088.38225599464,561127.2587962407,667498.2750368428</MDI>
      <MDI key="STATISTICS_EXCLUDEDVALUES"></MDI>
      <MDI key="STATISTICS_MAXIMUM">5333</MDI>
      <MDI key="STATISTICS_MEAN">141.30846150066</MDI>
      <MDI key="STATISTICS_MINIMUM">0</MDI>
      <MDI key="STATISTICS_SKIPFACTORX">1</MDI>
      <MDI key="STATISTICS_SKIPFACTORY">1</MDI>
      <MDI key="STATISTICS_STDDEV">749.08428016895</MDI>
    </Metadata>
  </PAMRasterBand>
  <PAMRasterBand band="4">
    <Histograms>
      <HistItem>
        <HistMin>0</HistMin>
        <HistMax>6712</HistMax>
        <BucketCount>256</BucketCount>
        <IncludeOutOfRange>1</IncludeOutOfRange>
        <Approximate>0</Approximate>
        <HistCounts>35784|172|192|322|189|19|0|45|9|0|37|0|0|0|0|0|0|0|0|0|0|0|53|46|0|0|0|0|0|0|0|0|0|0|0|0|0|0|0|0|0|18|0|0|0|0|0|193|0|17|44|10|0|0|0|0|0|0|0|0|341|0|50|0|0|0|0|0|0|0|0|0|0|0|0|0|0|18|0|0|0|0|0|0|0|0|0|0|0|0|0|0|0|0|0|0|0|0|0|0|82|10|0|0|0|0|0|0|0|0|0|0|0|0|18|0|101|0|0|0|0|0|0|0|0|0|933|0|0|0|0|0|0|0|0|9|0|0|0|60|0|0|0|8|0|0|0|0|9|0|0|0|0|0|0|0|0|0|0|9|0|0|0|0|0|0|0|0|0|0|0|0|0|0|0|0|0|0|0|0|0|0|0|0|0|0|0|0|0|0|0|0|0|916|0|0|0|0|0|0|0|0|693|0|0|0|0|0|0|0|0|0|0|0|0|0|0|0|0|0|0|0|0|0|0|9|0|0|0|0|0|0|0|0|0|0|0|107|0|0|0|0|0|0|0|0|0|0|0|0|0|0|0|0|0|179</HistCounts>
      </HistItem>
    </Histograms>
    <Metadata>
      <MDI key="RepresentationType">ATHEMATIC</MDI>
      <MDI key="STATISTICS_COVARIANCES">1108416.821981449,316601.7439335926,667498.2750368428,1596707.97381571</MDI>
      <MDI key="STATISTICS_EXCLUDEDVALUES"></MDI>
      <MDI key="STATISTICS_MAXIMUM">6712</MDI>
      <MDI key="STATISTICS_MEAN">382.0256252764</MDI>
      <MDI key="STATISTICS_MINIMUM">0</MDI>
      <MDI key="STATISTICS_SKIPFACTORX">1</MDI>
      <MDI key="STATISTICS_SKIPFACTORY">1</MDI>
      <MDI key="STATISTICS_STDDEV">1263.6091064153</MDI>
    </Metadata>
  </PAMRasterBand>
</PAMDataset>
