<?xml version="1.0" encoding="UTF-8"?>
<metadata xml:lang="en"><Esri><CreaDate>20200220</CreaDate><CreaTime>14111400</CreaTime><ArcGISFormat>1.0</ArcGISFormat><SyncOnce>TRUE</SyncOnce><DataProperties><lineage><Process ToolSource="c:\program files\arcgis\pro\Resources\ArcToolbox\toolboxes\Image Analyst Tools.tbx\RasterCalculator" Date="20200220" Time="141114">RasterCalculator " "HammCreekArea_LandTrendrBiomass.tif" *5" H:\VELMA\HammCreek\DataInputs\m_4_Biomass\HammCreekArea_LandTrendrBiomassX5.tif</Process></lineage></DataProperties></Esri></metadata>
