<?xml version="1.0" encoding="UTF-8"?>
<metadata xml:lang="en"><Esri><CreaDate>20200220</CreaDate><CreaTime>15595100</CreaTime><ArcGISFormat>1.0</ArcGISFormat><SyncOnce>TRUE</SyncOnce><DataProperties><lineage><Process ToolSource="c:\program files\arcgis\pro\Resources\ArcToolbox\toolboxes\Conversion Tools.tbx\RasterToASCII" Date="20200220" Time="155951">RasterToASCII HammCreek_1s.tif H:\VELMA\HammCreek\DataInputs\m_6_Soils\HammCreek_1s.ASC</Process></lineage></DataProperties></Esri></metadata>
