<?xml version="1.0" encoding="UTF-8"?>
<metadata xml:lang="en"><Esri><CreaDate>20200220</CreaDate><CreaTime>07504100</CreaTime><ArcGISFormat>1.0</ArcGISFormat><SyncOnce>TRUE</SyncOnce><DataProperties><lineage><Process ToolSource="c:\program files\arcgis\pro\Resources\ArcToolbox\toolboxes\Spatial Analyst Tools.tbx\CreateConstantRaster" Date="20200220" Time="075041">CreateConstantRaster C:\Users\jjhalama\Desktop\Hamm_Creek\HammCreek\DataInputs\m_6_Soils\HammCreek_1s.tif 1 Integer 10 "551273.06618082 5260625.5594616 552473.06618082 5262345.5594616"</Process></lineage></DataProperties></Esri></metadata>
