<?xml version="1.0" encoding="UTF-8"?><velmaConfiguration><startups><VelmaStartups.properties><useExperimentalPsmCode>false</useExperimentalPsmCode><setEndStateSpatialDataLocationName/><spatialFileWritersDirName>ActiveSpatialFileWriters</spatialFileWritersDirName><inputDataLocationDirName>BlueRiver_Example</inputDataLocationDirName><cellFileWritersDirName>ActiveCellWriters</cellFileWritersDirName><disturbanceModelsDirName/><suppressAllOutputFiles>false</suppressAllOutputFiles><useExperimentalHydrologyCode>false</useExperimentalHydrologyCode><setStartStateSpatialDataLocationName/><inputDataLocationRootName/><notesText/><collectCalibrationData>true</collectCalibrationData><useMercuryCode>false</useMercuryCode></VelmaStartups.properties></startups><calibration><VelmaInputs.properties><soilParametersIndexMapFileName>AllSandyLoam_SoilMap.asc</soilParametersIndexMapFileName><input_runoff>WS10_Streamflow(Q)_1969-2008.csv</input_runoff><csvTraceLogFileName>GlobalTraceLog.csv</csvTraceLogFileName><forcing_start>1969</forcing_start><cell>30.0</cell><f_ksl>0.00155</f_ksl><flowAccumulationFileName/><outy>459</outy><outx>196</outx><initializeOutputDataLocationRoot/><cellOffsetY>0.0</cellOffsetY><stty>3</stty><input_soil_depth/><cellOffsetX>0.0</cellOffsetX><sdmm>2.0</sdmm><input_soil_txt/><input_stream_chem>WS10_StreamChemistry_1969-2008.csv</input_stream_chem><syear>1969</syear><forcing_end>2488</forcing_end><numberOfLoops>1</numberOfLoops><flowDirectionFileName/><run_index>BlueRiver_WS10_Example_Configuration</run_index><input_at>WS10_Temperature_1969-2008.csv</input_at><ncol>628</ncol><input_rain>WS10_Precip_1969-2008.csv</input_rain><coverAgeMapFileName>AllTree_AgeMap.asc</coverAgeMapFileName><nrow>534</nrow><input_dem>brbiosize30m_JPDEMstd_0flatProc.asc</input_dem><delineationManfestLocationName/><globalStateLogFileName>GlobalStateLog.txt</globalStateLogFileName><initializeSoilDepth>0.25, 0.25, 0.25, 0.25</initializeSoilDepth><eyear>2008</eyear><f_ksv>0.0013</f_ksv><coverSpeciesIndexMapFileName>AllTree_CoverMap.asc</coverSpeciesIndexMapFileName><ks>600.0</ks></VelmaInputs.properties><VelmaCalibration.properties><maxAirTDayDisplay>40.0</maxAirTDayDisplay><maxBiomassAgStemDayDisplay>55000</maxBiomassAgStemDayDisplay><useDenitrification>true</useDenitrification><vplot_doc>200.0</vplot_doc><maxNppYearSumDisplay>1200.0</maxNppYearSumDisplay><maxSymbioticNfixedDayDisplay>1.0</maxSymbioticNfixedDayDisplay><minAirTSpatialDisplay>-10.0</minAirTSpatialDisplay><minDocLossYearSumDisplay>0.0</minDocLossYearSumDisplay><maxGroundTDayDisplay>40.0</maxGroundTDayDisplay><initialNh4>0.1</initialNh4><minAirTDayDisplay>-10.0</minAirTDayDisplay><max_qtdin>0.0025</max_qtdin><deg_lon>-122.261516</deg_lon><minBiomassDayDisplay>0.0</minBiomassDayDisplay><min_ndetritus>6000.0</min_ndetritus><sr2>1.0</sr2><maxDetritusRootLayersDayDisplay>720.0</maxDetritusRootLayersDayDisplay><sr1>2.5</sr1><nashSutcliffeStartYearForRunoffStats>0</nashSutcliffeStartYearForRunoffStats><ninBankInitialSpinUpValue>0.0</ninBankInitialSpinUpValue><microbeCefficiency>0.45</microbeCefficiency><maxVsaValueSpatialDisplay>50.0</maxVsaValueSpatialDisplay><minDetritusRootDayDisplay>0.0</minDetritusRootDayDisplay><maxBiomassRootDayDisplay>1600</maxBiomassRootDayDisplay><minBiomassYearSumDisplay>0.0</minBiomassYearSumDisplay><minBiomassBgStemDayDisplay>0.0</minBiomassBgStemDayDisplay><max_np>3800.0</max_np><deg_lat>44.205122</deg_lat><maxEtDayDisplay>10.0</maxEtDayDisplay><maxDenitrificationDaySpatialDisplay>0.00001</maxDenitrificationDaySpatialDisplay><minDetritusRootLayersDayDisplay>0.0</minDetritusRootLayersDayDisplay><iteration>100</iteration><srth>0.12</srth><minHumusLayersDayDisplay>0.0</minHumusLayersDayDisplay><performDenitrificationAfterWaterTransport>false</performDenitrificationAfterWaterTransport><minBiomassLeafDayDisplay>0.0</minBiomassLeafDayDisplay><useSoilTemperature>true</useSoilTemperature><qf_din>0.01</qf_din><minBiomassRootLayersDayDisplay>0.0</minBiomassRootLayersDayDisplay><minHydroYearSumDisplay>0.0</minHydroYearSumDisplay><maxStandingWaterDayDisplay>250.0</maxStandingWaterDayDisplay><warmestMaxAverageMonthlyTemperature>25</warmestMaxAverageMonthlyTemperature><avgAT>8.2</avgAT><minDetritusBgStemDayDisplay>0.0</minDetritusBgStemDayDisplay><useExperimentalNin>true</useExperimentalNin><min_aet>100.0</min_aet><maxRainDayDisplay>100.0</maxRainDayDisplay><setNitrificationFunctionSelection>DEL_GROSSO_XLS_2013</setNitrificationFunctionSelection><ninHalfSaturationKnForLossFromNinBank>40.0</ninHalfSaturationKnForLossFromNinBank><minGroundTDayDisplay>-20.0</minGroundTDayDisplay><maxNepDayDisplay>1000.0</maxNepDayDisplay><errthreshold>0.010</errthreshold><maxDetritusBgStemDayDisplay>7000</maxDetritusBgStemDayDisplay><minPlantUptakeSpatialDisplay>0.0</minPlantUptakeSpatialDisplay><max_psm_npp>2.0</max_psm_npp><maxBiomassRootLayersDayDisplay>1000.0</maxBiomassRootLayersDayDisplay><maxDetritusLeafDayDisplay>2000</maxDetritusLeafDayDisplay><maxNepYearSumDisplay>3000.0</maxNepYearSumDisplay><maxRunoffDayDisplay>50.0</maxRunoffDayDisplay><max_psm_c>60.0</max_psm_c><maxNo3LossDayDisplay>0.0002</maxNo3LossDayDisplay><minBiomassYearFinalDisplay>0.0</minBiomassYearFinalDisplay><maxLitterDayDisplay>55000.0</maxLitterDayDisplay><max_aet>1000.0</max_aet><maxDonLossYearSumDisplay>0.4</maxDonLossYearSumDisplay><denitDiffusivity>9.5</denitDiffusivity><maxBiomassBgStemDayDisplay>10000</maxBiomassBgStemDayDisplay><wet_nin>0.1</wet_nin><maxNo3SpatialDisplay>1.0</maxNo3SpatialDisplay><maxPlantUptakeSpatialDisplay>0.5</maxPlantUptakeSpatialDisplay><maxRainSpatialDisplay>60.0</maxRainSpatialDisplay><maxSubRunoffDayDisplay>30.0</maxSubRunoffDayDisplay><initialNo3>0.1</initialNo3><minBiomassRootDayDisplay>0.0</minBiomassRootDayDisplay><maxDetritusBgStemLayersDayDisplay>1800.0</maxDetritusBgStemLayersDayDisplay><max_psm_don>20.0</max_psm_don><co2RespirationFraction>0.99</co2RespirationFraction><moistureUptakeK>5.5</moistureUptakeK><maxNo3LossYearSumDisplay>0.004</maxNo3LossYearSumDisplay><minHumusDayDisplay>0.0</minHumusDayDisplay><DDs>5.0</DDs><maxCo2DaySpatialDisplay>2.0</maxCo2DaySpatialDisplay><minVsaValueSpatialDisplay>0.0</minVsaValueSpatialDisplay><maxSnowDepthSpatialDisplay>30.0</maxSnowDepthSpatialDisplay><maxSnowSpatialDisplay>50.0</maxSnowSpatialDisplay><maxNh4LossYearSumDisplay>0.025</maxNh4LossYearSumDisplay><Tsn>-1.0</Tsn><maxDonLossDayDisplay>0.002</maxDonLossDayDisplay><minAirTYearDisplay>0.0</minAirTYearDisplay><minNepYearSumDisplay>-3000.0</minNepYearSumDisplay><Tmlt>2.0</Tmlt><maxNppDayDisplay>20.0</maxNppDayDisplay><maxBiomassYearFinalDisplay>50000.0</maxBiomassYearFinalDisplay><maxDetritusRootDayDisplay>1200</maxDetritusRootDayDisplay><ros>0.5</ros><maxDocLossYearFinalDisplay>200.0</maxDocLossYearFinalDisplay><maxCo2DenitDaySpatialDisplay>2.0</maxCo2DenitDaySpatialDisplay><minLitterDayDisplay>0.0</minLitterDayDisplay><maxDocLossYearSumDisplay>10.0</maxDocLossYearSumDisplay><useEtUptake>false</useEtUptake><maxDonSpatialDisplay>5.0</maxDonSpatialDisplay><maxHydroYearSumDisplay>3000.0</maxHydroYearSumDisplay><max_ndetritus>40000.0</max_ndetritus><maxNo3DenitDaySpatialDisplay>2.0</maxNo3DenitDaySpatialDisplay><qf_NO3>0.05</qf_NO3><minNepDayDisplay>-1400.0</minNepDayDisplay><roair>1300.0</roair><initial_don>1.5</initial_don><maxNh4SpatialDisplay>1.0</maxNh4SpatialDisplay><ninMaxLossFromNinBankPerDay>0.1</ninMaxLossFromNinBankPerDay><initialUniformSoilMoisture>0.453</initialUniformSoilMoisture><maxNinDayDisplay>0.02</maxNinDayDisplay><minBiomassAgStemDayDisplay>0.0</minBiomassAgStemDayDisplay><maxSnowMeltSpatialDisplay>60.0</maxSnowMeltSpatialDisplay><initial_doc>30.0</initial_doc><qf_don>0.03</qf_don><maxBiomassYearSumDisplay>50000.0</maxBiomassYearSumDisplay><vplot_d>20.0</vplot_d><maxNh4LossDayDisplay>0.0008</maxNh4LossDayDisplay><maxHumusDayDisplay>20000.0</maxHumusDayDisplay><qf_doc>0.05</qf_doc><minDetritusBgStemLayersDayDisplay>0</minDetritusBgStemLayersDayDisplay><maxAirTYearDisplay>30.0</maxAirTYearDisplay><be>10.0</be><maxBiomassDayDisplay>75000.0</maxBiomassDayDisplay><dry_nin>0.1</dry_nin><maxAirTSpatialDisplay>30.0</maxAirTSpatialDisplay><maxDonLossYearFinalDisplay>2.0</maxDonLossYearFinalDisplay><maxHumusLayersDayDisplay>1500.0</maxHumusLayersDayDisplay><minDetritusLeafDayDisplay>0.0</minDetritusLeafDayDisplay><maxBiomassLeafDayDisplay>1600</maxBiomassLeafDayDisplay><parallelEdgeRecursionDepth>3</parallelEdgeRecursionDepth><psm_q>0.015</psm_q><minDetritusAgStemDayDisplay>0.0</minDetritusAgStemDayDisplay><maxTotalNLossDayDisplay>0.005</maxTotalNLossDayDisplay><maxDocSpatialDisplay>600.0</maxDocSpatialDisplay><maxNitrificationDaySpatialDisplay>0.002</maxNitrificationDaySpatialDisplay><nashSutcliffeEndYearForRunoffStats>0</nashSutcliffeEndYearForRunoffStats><maxDetritusAgStemDayDisplay>30000</maxDetritusAgStemDayDisplay><avgGST>8.5</avgGST><maxDocLossDayDisplay>0.04</maxDocLossDayDisplay><useNitrification>true</useNitrification><isc>1367.0</isc><maxAsymbioticNfixedDayDisplay>0.1</maxAsymbioticNfixedDayDisplay><disablePsmWaterStressor>false</disablePsmWaterStressor></VelmaCalibration.properties></calibration><cover><Cover1_Conifer.properties><mortalityLeafAnnualFraction>1.0</mortalityLeafAnnualFraction><useLinearMortalityBgStem>false</useLinearMortalityBgStem><mortalityRootNumeratorCoefficient>1.0</mortalityRootNumeratorCoefficient><mortalityRootDenominatorCoefficient>0.5</mortalityRootDenominatorCoefficient><noTranspirationPetFraction>1.0</noTranspirationPetFraction><humusCtoN>35.7</humusCtoN><transpirationLimiterJdayOff>273</transpirationLimiterJdayOff><biomassRootCtoN>77</biomassRootCtoN><useLinearMortalityLeaf>false</useLinearMortalityLeaf><nitrogenFixationMoistureScalarLambda>0.77</nitrogenFixationMoistureScalarLambda><mortalityAgStemDenominatorCoefficient>15.0</mortalityAgStemDenominatorCoefficient><initialDetritusAgStemCarbon>11933</initialDetritusAgStemCarbon><nitrogenFixationAsymbioticMaximum>0.0</nitrogenFixationAsymbioticMaximum><petParam2>0.622</petParam2><uptakeMaximumT>50.0</uptakeMaximumT><petParam1>0.28</petParam1><nppToBiomassRootNfraction>0.35</nppToBiomassRootNfraction><humusNmaxDecay>0.00028</humusNmaxDecay><useEtRecoveryFraction>true</useEtRecoveryFraction><jDaySenescenceOff>366</jDaySenescenceOff><mortalityRootAnnualFraction>1.0</mortalityRootAnnualFraction><uniqueName>Conifer</uniqueName><biomassAgStemCtoN>857</biomassAgStemCtoN><jDaySenescenceOn>350</jDaySenescenceOn><nitrogenFixationTemperatureScalarOptimumT>25.0</nitrogenFixationTemperatureScalarOptimumT><useTranspirationLimiter>false</useTranspirationLimiter><mortalityLeafExponentialCoefficient>0.8</mortalityLeafExponentialCoefficient><nitrogenFixationTemperatureScalarCurvature>0.40</nitrogenFixationTemperatureScalarCurvature><detritusLeafCtoN>46</detritusLeafCtoN><mortalityBgStemDenominatorCoefficient>5.0</mortalityBgStemDenominatorCoefficient><initialBiomassAgStemCarbon>33816</initialBiomassAgStemCarbon><nh4MaximumUptakeRate>0.100</nh4MaximumUptakeRate><no3MaximumUptakeRate>0.066</no3MaximumUptakeRate><mortalityBgStemNumeratorCoefficient>1.0</mortalityBgStemNumeratorCoefficient><initialBiomassRootCarbon>542</initialBiomassRootCarbon><detritusBgStemCtoN>533</detritusBgStemCtoN><initialDetritusBgStemCarbon>2580</initialDetritusBgStemCarbon><nppToBiomassLeafNfraction>0.55</nppToBiomassLeafNfraction><etRecoveryFractionSlope>0.0013</etRecoveryFractionSlope><initialBiomassLeafCarbon>667</initialBiomassLeafCarbon><GaleGrigalBetaParam>0.976</GaleGrigalBetaParam><useNitrogenFixation>false</useNitrogenFixation><mortalityBgStemAnnualFraction>1.0</mortalityBgStemAnnualFraction><etRecoveryFractionMinimumLeafBiomassC>0.0</etRecoveryFractionMinimumLeafBiomassC><etRecoveryFractionMinimumValue>0.30</etRecoveryFractionMinimumValue><nitrogenFixationSymbioticMaximum>0.0</nitrogenFixationSymbioticMaximum><initialDetritusRootCarbon>552</initialDetritusRootCarbon><temperaturePetOff>-3</temperaturePetOff><mortalityAgStemAnnualFraction>1.0</mortalityAgStemAnnualFraction><biomassLeafCtoN>46</biomassLeafCtoN><jdayZeroDegreeDay>1</jdayZeroDegreeDay><etRecoveryFractionIntercept>0.0161</etRecoveryFractionIntercept><detritusBgStemNmaxDecay>0.00112</detritusBgStemNmaxDecay><nitrogenFixationMoistureScalarK>1.6</nitrogenFixationMoistureScalarK><mortalityLeafNumeratorCoefficient>1.0</mortalityLeafNumeratorCoefficient><detritusRootNmaxDecay>0.008</detritusRootNmaxDecay><mortalityRootExponentialCoefficient>0.2</mortalityRootExponentialCoefficient><initialBiomassBgStemCarbon>6782</initialBiomassBgStemCarbon><initialDetritusLeafCarbon>854</initialDetritusLeafCarbon><degreeDayBase>2.0</degreeDayBase><nh4Kn>0.5</nh4Kn><useLinearMortalityRoot>false</useLinearMortalityRoot><uniqueId>1</uniqueId><mortalityAgStemExponentialCoefficient>0.11</mortalityAgStemExponentialCoefficient><nitrogenFixationTemperatureScalarMaximumT>48.0</nitrogenFixationTemperatureScalarMaximumT><insulationCarbonUpperBound>700.0</insulationCarbonUpperBound><insulationEfficiency>0.0</insulationEfficiency><mortalityAgStemNumeratorCoefficient>1.0</mortalityAgStemNumeratorCoefficient><nppToBiomassAgStemNfraction>0.8</nppToBiomassAgStemNfraction><biomassBgStemCtoN>533</biomassBgStemCtoN><jDayUptakeFirstAllowed>1</jDayUptakeFirstAllowed><uptakeOptimumT>25.0</uptakeOptimumT><mortalityLeafDenominatorCoefficient>10.0</mortalityLeafDenominatorCoefficient><detritusLeafNmaxDecay>0.0033</detritusLeafNmaxDecay><mortalityBgStemExponentialCoefficient>0.07</mortalityBgStemExponentialCoefficient><no3Kn>0.5</no3Kn><degreeDayThreshold>2.0</degreeDayThreshold><detritusAgStemCtoN>857</detritusAgStemCtoN><uptakeCurvature>0.5</uptakeCurvature><allowUptakeAfterSenescence>true</allowUptakeAfterSenescence><nitrogenFixationUptakeFraction>0.5</nitrogenFixationUptakeFraction><detritusRootCtoN>77</detritusRootCtoN><useLinearMortalityAgStem>false</useLinearMortalityAgStem><transpirationLimiterJdayOn>152</transpirationLimiterJdayOn><transpirationLimiterCoeffD>0.65</transpirationLimiterCoeffD><nitrogenFixerFraction>0.0</nitrogenFixerFraction><transpirationLimiterCoeffC>0.00091</transpirationLimiterCoeffC><transpirationLimiterCoeffB>0.000006</transpirationLimiterCoeffB><initialHumusCarbon>15000.0</initialHumusCarbon><transpirationLimiterCoeffA>0.35</transpirationLimiterCoeffA><detritusAgStemNmaxDecay>0.00112</detritusAgStemNmaxDecay><transpirationLimiterMaxTotalBiomassC>42000.0</transpirationLimiterMaxTotalBiomassC></Cover1_Conifer.properties></cover><disturbance><Clearcut_Test><initializeCoverIds>1</initializeCoverIds><biomassRootNoffsiteFraction>0.0</biomassRootNoffsiteFraction><biomassRootNharvestFraction>0.98</biomassRootNharvestFraction><biomassAgStemNoffsiteFraction>0.85</biomassAgStemNoffsiteFraction><biomassLeafNharvestFraction>0.98</biomassLeafNharvestFraction><biomassAgStemNharvestFraction>0.98</biomassAgStemNharvestFraction><biomassLeafNoffsiteFraction>0.05</biomassLeafNoffsiteFraction><filterMapFullName/><initializeActiveYears>1975</initializeActiveYears><initializeActiveJdays>182</initializeActiveJdays><modelClass>HarvestLsrDisturbanceModel</modelClass><initializeActiveLoops>1</initializeActiveLoops><biomassBgStemNoffsiteFraction>0.0</biomassBgStemNoffsiteFraction><initializeAgeModification>1</initializeAgeModification><ageThreshold>0</ageThreshold><initializeFilterIds/><biomassBgStemNharvestFraction>0.98</biomassBgStemNharvestFraction></Clearcut_Test></disturbance><cellDataWriter><Outlet_CellWriter.properties><initializeActiveJdays>1-366</initializeActiveJdays><cellY>459</cellY><cellX>196</cellX></Outlet_CellWriter.properties><SidCenter_CellWriter.properties><initializeActiveJdays>1-366</initializeActiveJdays><cellY>455</cellY><cellX>204</cellX></SidCenter_CellWriter.properties></cellDataWriter><spatialDataWriter/><soil><Soil3_sandy_loam><nitrificationKmax>0.1</nitrificationKmax><porosityFraction>0.453</porosityFraction><nitrificationWfpsCoeff3>4.5</nitrificationWfpsCoeff3><nitrificationWfpsCoeff2>1.5</nitrificationWfpsCoeff2><nitrificationWfpsCoeff1>0.0</nitrificationWfpsCoeff1><nitrificationWfpsCoeff0>0.5</nitrificationWfpsCoeff0><bulkDensity>1.52</bulkDensity><setSoilLayerWeights>0.25, 0.25, 0.25, 0.25</setSoilLayerWeights><soilColumnDepth>2000.0</soilColumnDepth><setDenitrificationSoilCondition>INTACT</setDenitrificationSoilCondition><setSoilLayerKsLateralValues/><uniqueId>3</uniqueId><pH>4.5</pH><nitrificationToN2o>0.02</nitrificationToN2o><ksVerticalExponentialDecayFactor>0.0013</ksVerticalExponentialDecayFactor><nitrificationK1>0.2</nitrificationK1><uniqueName>sandy loam</uniqueName><wiltPoint>0.095</wiltPoint><setSoilLayerThicknesses/><surfaceKs>600.0</surfaceKs><fieldCapacity>0.207</fieldCapacity><ksLateralExponentialDecayFactor>0.00155</ksLateralExponentialDecayFactor><setSoilLayerKsVerticalValues/></Soil3_sandy_loam></soil><tidewater/><weather><DefaultWeatherModel><snowMeltRate>5.0</snowMeltRate><rainOnSnowEffect>0.5</rainOnSnowEffect><rainDriverDataFileName>WS10_Precip_1969-2008.csv</rainDriverDataFileName><uniqueId>1</uniqueId><modelClass>DefaultWeatherModel</modelClass><uniqueName>Default Weather Model</uniqueName><airTemperatureDriverDataFileName>WS10_Temperature_1969-2008.csv</airTemperatureDriverDataFileName><snowMeltTemperature>2.0</snowMeltTemperature><snowFormationTemperature>-1.0</snowFormationTemperature></DefaultWeatherModel></weather></velmaConfiguration>