<?xml version="1.0" encoding="UTF-8"?><velmaConfiguration>
  <calibration>
    <VelmaInputs.properties>
      <soilParametersIndexMapFileName>./m_6_soils/All_Id3_SoilMap.asc</soilParametersIndexMapFileName>
      <input_runoff>./m_7_Observed/HJA_WS10_ObservedFlow_1990_2008_mmDay_downloaded_31Jul19_filledthru2018.csv</input_runoff>
      <csvTraceLogFileName>GlobalTraceLog.csv</csvTraceLogFileName>
      <forcing_start>1990</forcing_start>
      <f_ksl>0.00155</f_ksl>
      <flowAccumulationFileName/>
      <outy>459</outy>
      <outx>196</outx>
      <initializeOutputDataLocationRoot>C:\Users\Jonat\Desktop\VELMA\HJA_STM_Results\WS10</initializeOutputDataLocationRoot>
      <stty>3</stty>
      <input_soil_depth/>
      <sdmm>2.0</sdmm>
      <initialReachOutlets/>
      <reportAllCoverResults>false</reportAllCoverResults>
      <input_soil_txt/>
      <input_stream_chem/>
      <forcing_end>2018</forcing_end>
      <syear>1990</syear>
      <numberOfLoops>1</numberOfLoops>
      <flowDirectionFileName/>
      <run_index>HJA_STM_WS10_v1</run_index>
      <input_at>HJA_Basin_mean_at_1994-2007.csv</input_at>
      <input_rain/>
      <coverAgeMapFileName>./m_3_Age/landtrendrage_nad83utm.asc</coverAgeMapFileName>
      <input_dem>./m_1_DEM/brbiosize30m_JPDEMstd_0flatProc.asc</input_dem>
      <globalStateLogFileName>GlobalStateLog.txt</globalStateLogFileName>
      <initializeSoilDepth>0.25, 0.25, 0.25, 0.25</initializeSoilDepth>
      <reportAllSoilResults>false</reportAllSoilResults>
      <eyear>2008</eyear>
      <f_ksv>0.0013</f_ksv>
      <enableReachMapping>SOLO_MODE</enableReachMapping>
      <coverSpeciesIndexMapFileName>./m_5_Coverage/AllTree_CoverMap.asc</coverSpeciesIndexMapFileName>
      <ks>600.0</ks>
    </VelmaInputs.properties>
    <VelmaCalibration.properties>
      <useExperimentalNin>true</useExperimentalNin>
      <srth>0.12</srth>
      <ninMaxLossFromNinBankPerDay>0.1</ninMaxLossFromNinBankPerDay>
      <initialUniformSoilMoisture>0.453</initialUniformSoilMoisture>
      <nashSutcliffeEndYearForRunoffStats>2008</nashSutcliffeEndYearForRunoffStats>
      <disablePsmWaterStressor>false</disablePsmWaterStressor>
      <denitDiffusivity>9.5</denitDiffusivity>
      <co2RespirationFraction>0.99</co2RespirationFraction>
      <donSolubilityCoefficient>0.0</donSolubilityCoefficient>
      <ninBankInitialSpinUpValue>0.0</ninBankInitialSpinUpValue>
      <isc>1367.0</isc>
      <setGroundwaterStorageFraction/>
      <deg_lon>-122.261516</deg_lon>
      <initial_don>1.5</initial_don>
      <useEtUptake>false</useEtUptake>
      <setWaterBalanceExtremaFixup>false</setWaterBalanceExtremaFixup>
      <initialNo3>0.1</initialNo3>
      <ros>0.5</ros>
      <performDenitrificationAfterWaterTransport>false</performDenitrificationAfterWaterTransport>
      <Tmlt>2.0</Tmlt>
      <warmestMaxAverageMonthlyTemperature>25</warmestMaxAverageMonthlyTemperature>
      <setNitrificationFunctionSelection>DEL_GROSSO_XLS_2013</setNitrificationFunctionSelection>
      <initial_doc>30.0</initial_doc>
      <iteration>100</iteration>
      <setPermeabilityFraction/>
      <wet_nin>0.1</wet_nin>
      <docSolubilityCoefficient>0.0</docSolubilityCoefficient>
      <moistureUptakeK>5.5</moistureUptakeK>
      <setInflowCapacityLimiterMode>ALL_LAYERS</setInflowCapacityLimiterMode>
      <Tsn>-1.0</Tsn>
      <trimTopographyOutputToWatershedBoundary>false</trimTopographyOutputToWatershedBoundary>
      <useNitrification>true</useNitrification>
      <enableTransportBalanceCheck>true</enableTransportBalanceCheck>
      <ninSolubilityCoefficient>0.05</ninSolubilityCoefficient>
      <initialNh4>0.1</initialNh4>
      <roair>1300.0</roair>
      <useSoilTemperature>true</useSoilTemperature>
      <DDs>5.0</DDs>
      <psm_q>0.015</psm_q>
      <parallelEdgeRecursionDepth>3</parallelEdgeRecursionDepth>
      <enableWaterBalanceReport>true</enableWaterBalanceReport>
      <dry_nin>0.1</dry_nin>
      <deg_lat>44.205122</deg_lat>
      <nashSutcliffeStartYearForRunoffStats>1991</nashSutcliffeStartYearForRunoffStats>
      <useDenitrification>true</useDenitrification>
      <avgGST>8.5</avgGST>
      <microbeCefficiency>0.45</microbeCefficiency>
      <no3SolubilityCoefficient>0.0</no3SolubilityCoefficient>
      <avgAT>8.2</avgAT>
      <nh4SolubilityCoefficient>0.0</nh4SolubilityCoefficient>
      <errthreshold>0.010</errthreshold>
      <be>10.0</be>
      <enableHaltOnTransportBalanceCheckFail>true</enableHaltOnTransportBalanceCheckFail>
      <sr2>1.0</sr2>
      <sr1>2.5</sr1>
      <ninHalfSaturationKnForLossFromNinBank>40.0</ninHalfSaturationKnForLossFromNinBank>
      <enableTopographySpatialDataOutput>true</enableTopographySpatialDataOutput>
    </VelmaCalibration.properties>
  </calibration>
  <cellDataWriter>
    <UPLMET>
      <cellY>498</cellY>
      <cellX>575</cellX>
    </UPLMET>
    <Outlet>
      <cellY>495</cellY>
      <cellX>199</cellX>
    </Outlet>
    <CS2MET>
      <cellY>474</cellY>
      <cellX>232</cellX>
    </CS2MET>
    <VANMET>
      <cellY>259</cellY>
      <cellX>491</cellX>
    </VANMET>
    <PRIMET>
      <cellY>485</cellY>
      <cellX>216</cellX>
    </PRIMET>
    <H15MET>
      <cellY>293</cellY>
      <cellX>426</cellX>
    </H15MET>
  </cellDataWriter>
  <cover>
    <Cover4_Water.properties>
      <mortalityLeafAnnualFraction>0.0</mortalityLeafAnnualFraction>
      <useLinearMortalityBgStem>false</useLinearMortalityBgStem>
      <mortalityRootNumeratorCoefficient>0.0</mortalityRootNumeratorCoefficient>
      <mortalityRootDenominatorCoefficient>0.0</mortalityRootDenominatorCoefficient>
      <noTranspirationPetFraction>0.0</noTranspirationPetFraction>
      <transpirationLimiterJdayOff>0</transpirationLimiterJdayOff>
      <biomassRootCtoN>70</biomassRootCtoN>
      <useLinearMortalityLeaf>false</useLinearMortalityLeaf>
      <nitrogenFixationMoistureScalarLambda>0.77</nitrogenFixationMoistureScalarLambda>
      <mortalityAgStemDenominatorCoefficient>0.0</mortalityAgStemDenominatorCoefficient>
      <initialDetritusAgStemCarbon/>
      <nitrogenFixationAsymbioticMaximum>0.0</nitrogenFixationAsymbioticMaximum>
      <petParam2>0.622</petParam2>
      <uptakeMaximumT>50.0</uptakeMaximumT>
      <petParam1>0.28</petParam1>
      <nppToBiomassRootNfraction>0.25</nppToBiomassRootNfraction>
      <useEtRecoveryFraction>false</useEtRecoveryFraction>
      <jDaySenescenceOff>367</jDaySenescenceOff>
      <mortalityRootAnnualFraction>0.0</mortalityRootAnnualFraction>
      <uniqueName>Water</uniqueName>
      <biomassAgStemCtoN>500</biomassAgStemCtoN>
      <jDaySenescenceOn>274</jDaySenescenceOn>
      <nitrogenFixationTemperatureScalarOptimumT>25.0</nitrogenFixationTemperatureScalarOptimumT>
      <useTranspirationLimiter>false</useTranspirationLimiter>
      <mortalityLeafExponentialCoefficient>0.0</mortalityLeafExponentialCoefficient>
      <nitrogenFixationTemperatureScalarCurvature>0.40</nitrogenFixationTemperatureScalarCurvature>
      <detritusLeafCtoN>50</detritusLeafCtoN>
      <mortalityBgStemDenominatorCoefficient>0.0</mortalityBgStemDenominatorCoefficient>
      <initialBiomassAgStemCarbon/>
      <nh4MaximumUptakeRate>0.25</nh4MaximumUptakeRate>
      <no3MaximumUptakeRate>0.25</no3MaximumUptakeRate>
      <mortalityBgStemNumeratorCoefficient>0.0</mortalityBgStemNumeratorCoefficient>
      <initialBiomassRootCarbon/>
      <detritusBgStemCtoN>500</detritusBgStemCtoN>
      <initialDetritusBgStemCarbon/>
      <nppToBiomassLeafNfraction>0.25</nppToBiomassLeafNfraction>
      <etRecoveryFractionSlope>0.0055</etRecoveryFractionSlope>
      <initialBiomassLeafCarbon/>
      <GaleGrigalBetaParam>0.976</GaleGrigalBetaParam>
      <useNitrogenFixation>false</useNitrogenFixation>
      <mortalityBgStemAnnualFraction>0.0</mortalityBgStemAnnualFraction>
      <etRecoveryFractionMinimumLeafBiomassC>0.0</etRecoveryFractionMinimumLeafBiomassC>
      <etRecoveryFractionMinimumValue>0.30</etRecoveryFractionMinimumValue>
      <nitrogenFixationSymbioticMaximum>0.0</nitrogenFixationSymbioticMaximum>
      <initialDetritusRootCarbon/>
      <temperaturePetOff>-3</temperaturePetOff>
      <mortalityAgStemAnnualFraction>0.0</mortalityAgStemAnnualFraction>
      <biomassLeafCtoN>50</biomassLeafCtoN>
      <etRecoveryFractionIntercept>0.1908</etRecoveryFractionIntercept>
      <detritusBgStemNmaxDecay>0</detritusBgStemNmaxDecay>
      <nitrogenFixationMoistureScalarK>1.6</nitrogenFixationMoistureScalarK>
      <mortalityLeafNumeratorCoefficient>0.0</mortalityLeafNumeratorCoefficient>
      <detritusRootNmaxDecay>0</detritusRootNmaxDecay>
      <mortalityRootExponentialCoefficient>0.0</mortalityRootExponentialCoefficient>
      <initialBiomassBgStemCarbon/>
      <initialDetritusLeafCarbon/>
      <degreeDayBase>10.0</degreeDayBase>
      <nh4Kn>0.1</nh4Kn>
      <useLinearMortalityRoot>false</useLinearMortalityRoot>
      <uniqueId>4</uniqueId>
      <mortalityAgStemExponentialCoefficient>0.0</mortalityAgStemExponentialCoefficient>
      <nitrogenFixationTemperatureScalarMaximumT>48.0</nitrogenFixationTemperatureScalarMaximumT>
      <seedlingValueAgStemCarbon>0.0</seedlingValueAgStemCarbon>
      <insulationCarbonUpperBound>700.0</insulationCarbonUpperBound>
      <insulationEfficiency>0.0</insulationEfficiency>
      <mortalityAgStemNumeratorCoefficient>0.0</mortalityAgStemNumeratorCoefficient>
      <nppToBiomassAgStemNfraction>0.8</nppToBiomassAgStemNfraction>
      <biomassBgStemCtoN>500</biomassBgStemCtoN>
      <jDayUptakeFirstAllowed>1</jDayUptakeFirstAllowed>
      <uptakeOptimumT>25.0</uptakeOptimumT>
      <mortalityLeafDenominatorCoefficient>0.0</mortalityLeafDenominatorCoefficient>
      <detritusLeafNmaxDecay>0</detritusLeafNmaxDecay>
      <mortalityBgStemExponentialCoefficient>0.0</mortalityBgStemExponentialCoefficient>
      <no3Kn>0.1</no3Kn>
      <degreeDayThreshold>50.0</degreeDayThreshold>
      <detritusAgStemCtoN>500</detritusAgStemCtoN>
      <uptakeCurvature>0.5</uptakeCurvature>
      <allowUptakeAfterSenescence>true</allowUptakeAfterSenescence>
      <seedlingValueRootCarbon>0.0</seedlingValueRootCarbon>
      <nitrogenFixationUptakeFraction>0.5</nitrogenFixationUptakeFraction>
      <detritusRootCtoN>70</detritusRootCtoN>
      <seedlingValueBgStemCarbon>0.0</seedlingValueBgStemCarbon>
      <useLinearMortalityAgStem>false</useLinearMortalityAgStem>
      <transpirationLimiterJdayOn>0</transpirationLimiterJdayOn>
      <transpirationLimiterCoeffD>0</transpirationLimiterCoeffD>
      <transpirationLimiterCoeffC>0</transpirationLimiterCoeffC>
      <nitrogenFixerFraction>0.0</nitrogenFixerFraction>
      <transpirationLimiterCoeffB>0</transpirationLimiterCoeffB>
      <transpirationLimiterCoeffA>0</transpirationLimiterCoeffA>
      <detritusAgStemNmaxDecay>0</detritusAgStemNmaxDecay>
      <seedlingValueLeafCarbon>0.0</seedlingValueLeafCarbon>
      <transpirationLimiterMaxTotalBiomassC>0</transpirationLimiterMaxTotalBiomassC>
    </Cover4_Water.properties>
    <Cover3_Rock.properties>
      <mortalityLeafAnnualFraction>0.0</mortalityLeafAnnualFraction>
      <useLinearMortalityBgStem>false</useLinearMortalityBgStem>
      <mortalityRootNumeratorCoefficient>0.0</mortalityRootNumeratorCoefficient>
      <mortalityRootDenominatorCoefficient>0.0</mortalityRootDenominatorCoefficient>
      <noTranspirationPetFraction>0.0</noTranspirationPetFraction>
      <transpirationLimiterJdayOff>0</transpirationLimiterJdayOff>
      <biomassRootCtoN>70</biomassRootCtoN>
      <useLinearMortalityLeaf>false</useLinearMortalityLeaf>
      <nitrogenFixationMoistureScalarLambda>0.77</nitrogenFixationMoistureScalarLambda>
      <mortalityAgStemDenominatorCoefficient>0.0</mortalityAgStemDenominatorCoefficient>
      <initialDetritusAgStemCarbon/>
      <nitrogenFixationAsymbioticMaximum>0.0</nitrogenFixationAsymbioticMaximum>
      <petParam2>0.622</petParam2>
      <uptakeMaximumT>50.0</uptakeMaximumT>
      <petParam1>0.28</petParam1>
      <nppToBiomassRootNfraction>0.25</nppToBiomassRootNfraction>
      <useEtRecoveryFraction>false</useEtRecoveryFraction>
      <jDaySenescenceOff>367</jDaySenescenceOff>
      <mortalityRootAnnualFraction>0.0</mortalityRootAnnualFraction>
      <uniqueName>Rock</uniqueName>
      <biomassAgStemCtoN>500</biomassAgStemCtoN>
      <jDaySenescenceOn>274</jDaySenescenceOn>
      <nitrogenFixationTemperatureScalarOptimumT>25.0</nitrogenFixationTemperatureScalarOptimumT>
      <useTranspirationLimiter>false</useTranspirationLimiter>
      <mortalityLeafExponentialCoefficient>0.0</mortalityLeafExponentialCoefficient>
      <nitrogenFixationTemperatureScalarCurvature>0.40</nitrogenFixationTemperatureScalarCurvature>
      <detritusLeafCtoN>50</detritusLeafCtoN>
      <mortalityBgStemDenominatorCoefficient>0.0</mortalityBgStemDenominatorCoefficient>
      <initialBiomassAgStemCarbon/>
      <nh4MaximumUptakeRate>0.25</nh4MaximumUptakeRate>
      <no3MaximumUptakeRate>0.25</no3MaximumUptakeRate>
      <mortalityBgStemNumeratorCoefficient>0.0</mortalityBgStemNumeratorCoefficient>
      <initialBiomassRootCarbon/>
      <detritusBgStemCtoN>500</detritusBgStemCtoN>
      <initialDetritusBgStemCarbon/>
      <nppToBiomassLeafNfraction>0.25</nppToBiomassLeafNfraction>
      <etRecoveryFractionSlope>0.0055</etRecoveryFractionSlope>
      <initialBiomassLeafCarbon/>
      <GaleGrigalBetaParam>0.976</GaleGrigalBetaParam>
      <useNitrogenFixation>false</useNitrogenFixation>
      <mortalityBgStemAnnualFraction>0.0</mortalityBgStemAnnualFraction>
      <etRecoveryFractionMinimumLeafBiomassC>0.0</etRecoveryFractionMinimumLeafBiomassC>
      <etRecoveryFractionMinimumValue>0.30</etRecoveryFractionMinimumValue>
      <nitrogenFixationSymbioticMaximum>0.0</nitrogenFixationSymbioticMaximum>
      <initialDetritusRootCarbon/>
      <temperaturePetOff>-3</temperaturePetOff>
      <mortalityAgStemAnnualFraction>0.0</mortalityAgStemAnnualFraction>
      <biomassLeafCtoN>50</biomassLeafCtoN>
      <etRecoveryFractionIntercept>0.1908</etRecoveryFractionIntercept>
      <detritusBgStemNmaxDecay>0</detritusBgStemNmaxDecay>
      <nitrogenFixationMoistureScalarK>1.6</nitrogenFixationMoistureScalarK>
      <mortalityLeafNumeratorCoefficient>0.0</mortalityLeafNumeratorCoefficient>
      <detritusRootNmaxDecay>0</detritusRootNmaxDecay>
      <mortalityRootExponentialCoefficient>0.0</mortalityRootExponentialCoefficient>
      <initialBiomassBgStemCarbon/>
      <initialDetritusLeafCarbon/>
      <degreeDayBase>10.0</degreeDayBase>
      <nh4Kn>0.1</nh4Kn>
      <useLinearMortalityRoot>false</useLinearMortalityRoot>
      <uniqueId>3</uniqueId>
      <mortalityAgStemExponentialCoefficient>0.0</mortalityAgStemExponentialCoefficient>
      <nitrogenFixationTemperatureScalarMaximumT>48.0</nitrogenFixationTemperatureScalarMaximumT>
      <seedlingValueAgStemCarbon>0.0</seedlingValueAgStemCarbon>
      <insulationCarbonUpperBound>700.0</insulationCarbonUpperBound>
      <insulationEfficiency>0.0</insulationEfficiency>
      <mortalityAgStemNumeratorCoefficient>0.0</mortalityAgStemNumeratorCoefficient>
      <nppToBiomassAgStemNfraction>0.8</nppToBiomassAgStemNfraction>
      <biomassBgStemCtoN>500</biomassBgStemCtoN>
      <jDayUptakeFirstAllowed>1</jDayUptakeFirstAllowed>
      <uptakeOptimumT>25.0</uptakeOptimumT>
      <mortalityLeafDenominatorCoefficient>0.0</mortalityLeafDenominatorCoefficient>
      <detritusLeafNmaxDecay>0</detritusLeafNmaxDecay>
      <mortalityBgStemExponentialCoefficient>0.0</mortalityBgStemExponentialCoefficient>
      <no3Kn>0.1</no3Kn>
      <degreeDayThreshold>50.0</degreeDayThreshold>
      <detritusAgStemCtoN>500</detritusAgStemCtoN>
      <uptakeCurvature>0.5</uptakeCurvature>
      <allowUptakeAfterSenescence>true</allowUptakeAfterSenescence>
      <seedlingValueRootCarbon>0.0</seedlingValueRootCarbon>
      <nitrogenFixationUptakeFraction>0.5</nitrogenFixationUptakeFraction>
      <detritusRootCtoN>70</detritusRootCtoN>
      <seedlingValueBgStemCarbon>0.0</seedlingValueBgStemCarbon>
      <useLinearMortalityAgStem>false</useLinearMortalityAgStem>
      <transpirationLimiterJdayOn>0</transpirationLimiterJdayOn>
      <transpirationLimiterCoeffD>0</transpirationLimiterCoeffD>
      <transpirationLimiterCoeffC>0</transpirationLimiterCoeffC>
      <nitrogenFixerFraction>0.0</nitrogenFixerFraction>
      <transpirationLimiterCoeffB>0</transpirationLimiterCoeffB>
      <transpirationLimiterCoeffA>0</transpirationLimiterCoeffA>
      <detritusAgStemNmaxDecay>0</detritusAgStemNmaxDecay>
      <seedlingValueLeafCarbon>0.0</seedlingValueLeafCarbon>
      <transpirationLimiterMaxTotalBiomassC>0</transpirationLimiterMaxTotalBiomassC>
    </Cover3_Rock.properties>
    <Cover2_ConiferShrub.properties>
      <mortalityLeafAnnualFraction>0.0</mortalityLeafAnnualFraction>
      <useLinearMortalityBgStem>false</useLinearMortalityBgStem>
      <mortalityRootNumeratorCoefficient>0.0</mortalityRootNumeratorCoefficient>
      <mortalityRootDenominatorCoefficient>0.0</mortalityRootDenominatorCoefficient>
      <noTranspirationPetFraction>0.0</noTranspirationPetFraction>
      <transpirationLimiterJdayOff>0</transpirationLimiterJdayOff>
      <biomassRootCtoN>70</biomassRootCtoN>
      <useLinearMortalityLeaf>false</useLinearMortalityLeaf>
      <nitrogenFixationMoistureScalarLambda>0.77</nitrogenFixationMoistureScalarLambda>
      <mortalityAgStemDenominatorCoefficient>0.0</mortalityAgStemDenominatorCoefficient>
      <initialDetritusAgStemCarbon/>
      <nitrogenFixationAsymbioticMaximum>0.0</nitrogenFixationAsymbioticMaximum>
      <petParam2>0.622</petParam2>
      <uptakeMaximumT>50.0</uptakeMaximumT>
      <petParam1>0.28</petParam1>
      <nppToBiomassRootNfraction>0.25</nppToBiomassRootNfraction>
      <useEtRecoveryFraction>false</useEtRecoveryFraction>
      <jDaySenescenceOff>367</jDaySenescenceOff>
      <mortalityRootAnnualFraction>0.0</mortalityRootAnnualFraction>
      <uniqueName>ConiferShrub</uniqueName>
      <biomassAgStemCtoN>500</biomassAgStemCtoN>
      <jDaySenescenceOn>274</jDaySenescenceOn>
      <nitrogenFixationTemperatureScalarOptimumT>25.0</nitrogenFixationTemperatureScalarOptimumT>
      <useTranspirationLimiter>false</useTranspirationLimiter>
      <mortalityLeafExponentialCoefficient>0.0</mortalityLeafExponentialCoefficient>
      <nitrogenFixationTemperatureScalarCurvature>0.40</nitrogenFixationTemperatureScalarCurvature>
      <detritusLeafCtoN>50</detritusLeafCtoN>
      <mortalityBgStemDenominatorCoefficient>0.0</mortalityBgStemDenominatorCoefficient>
      <initialBiomassAgStemCarbon/>
      <nh4MaximumUptakeRate>0.06</nh4MaximumUptakeRate>
      <no3MaximumUptakeRate>0.06</no3MaximumUptakeRate>
      <mortalityBgStemNumeratorCoefficient>0.0</mortalityBgStemNumeratorCoefficient>
      <initialBiomassRootCarbon/>
      <detritusBgStemCtoN>500</detritusBgStemCtoN>
      <initialDetritusBgStemCarbon/>
      <nppToBiomassLeafNfraction>0.25</nppToBiomassLeafNfraction>
      <etRecoveryFractionSlope>0.0055</etRecoveryFractionSlope>
      <initialBiomassLeafCarbon/>
      <GaleGrigalBetaParam>0.976</GaleGrigalBetaParam>
      <useNitrogenFixation>false</useNitrogenFixation>
      <mortalityBgStemAnnualFraction>0.0</mortalityBgStemAnnualFraction>
      <etRecoveryFractionMinimumLeafBiomassC>0.0</etRecoveryFractionMinimumLeafBiomassC>
      <etRecoveryFractionMinimumValue>0.30</etRecoveryFractionMinimumValue>
      <nitrogenFixationSymbioticMaximum>0.0</nitrogenFixationSymbioticMaximum>
      <initialDetritusRootCarbon/>
      <temperaturePetOff>-3</temperaturePetOff>
      <mortalityAgStemAnnualFraction>0.0</mortalityAgStemAnnualFraction>
      <biomassLeafCtoN>50</biomassLeafCtoN>
      <etRecoveryFractionIntercept>0.1908</etRecoveryFractionIntercept>
      <detritusBgStemNmaxDecay>0</detritusBgStemNmaxDecay>
      <nitrogenFixationMoistureScalarK>1.6</nitrogenFixationMoistureScalarK>
      <mortalityLeafNumeratorCoefficient>0.0</mortalityLeafNumeratorCoefficient>
      <detritusRootNmaxDecay>0</detritusRootNmaxDecay>
      <mortalityRootExponentialCoefficient>0.0</mortalityRootExponentialCoefficient>
      <initialBiomassBgStemCarbon/>
      <initialDetritusLeafCarbon/>
      <degreeDayBase>10.0</degreeDayBase>
      <nh4Kn>0.15</nh4Kn>
      <useLinearMortalityRoot>false</useLinearMortalityRoot>
      <uniqueId>2</uniqueId>
      <mortalityAgStemExponentialCoefficient>0.0</mortalityAgStemExponentialCoefficient>
      <nitrogenFixationTemperatureScalarMaximumT>48.0</nitrogenFixationTemperatureScalarMaximumT>
      <seedlingValueAgStemCarbon>0.0</seedlingValueAgStemCarbon>
      <insulationCarbonUpperBound>700.0</insulationCarbonUpperBound>
      <insulationEfficiency>0.0</insulationEfficiency>
      <mortalityAgStemNumeratorCoefficient>0.0</mortalityAgStemNumeratorCoefficient>
      <nppToBiomassAgStemNfraction>0.8</nppToBiomassAgStemNfraction>
      <biomassBgStemCtoN>500</biomassBgStemCtoN>
      <jDayUptakeFirstAllowed>1</jDayUptakeFirstAllowed>
      <uptakeOptimumT>25.0</uptakeOptimumT>
      <mortalityLeafDenominatorCoefficient>0.0</mortalityLeafDenominatorCoefficient>
      <detritusLeafNmaxDecay>0</detritusLeafNmaxDecay>
      <mortalityBgStemExponentialCoefficient>0.0</mortalityBgStemExponentialCoefficient>
      <no3Kn>0.15</no3Kn>
      <degreeDayThreshold>50.0</degreeDayThreshold>
      <detritusAgStemCtoN>500</detritusAgStemCtoN>
      <uptakeCurvature>0.5</uptakeCurvature>
      <allowUptakeAfterSenescence>true</allowUptakeAfterSenescence>
      <seedlingValueRootCarbon>0.0</seedlingValueRootCarbon>
      <nitrogenFixationUptakeFraction>0.5</nitrogenFixationUptakeFraction>
      <detritusRootCtoN>70</detritusRootCtoN>
      <seedlingValueBgStemCarbon>0.0</seedlingValueBgStemCarbon>
      <useLinearMortalityAgStem>false</useLinearMortalityAgStem>
      <transpirationLimiterJdayOn>0</transpirationLimiterJdayOn>
      <transpirationLimiterCoeffD>0</transpirationLimiterCoeffD>
      <transpirationLimiterCoeffC>0</transpirationLimiterCoeffC>
      <nitrogenFixerFraction>0.0</nitrogenFixerFraction>
      <transpirationLimiterCoeffB>0</transpirationLimiterCoeffB>
      <transpirationLimiterCoeffA>0</transpirationLimiterCoeffA>
      <detritusAgStemNmaxDecay>0</detritusAgStemNmaxDecay>
      <seedlingValueLeafCarbon>0.0</seedlingValueLeafCarbon>
      <transpirationLimiterMaxTotalBiomassC>0</transpirationLimiterMaxTotalBiomassC>
    </Cover2_ConiferShrub.properties>
    <Cover1_Conifer.properties>
      <mortalityLeafAnnualFraction>1.0</mortalityLeafAnnualFraction>
      <useLinearMortalityBgStem>false</useLinearMortalityBgStem>
      <mortalityRootNumeratorCoefficient>1.0</mortalityRootNumeratorCoefficient>
      <mortalityRootDenominatorCoefficient>0.5</mortalityRootDenominatorCoefficient>
      <noTranspirationPetFraction>1.0</noTranspirationPetFraction>
      <transpirationLimiterJdayOff>273</transpirationLimiterJdayOff>
      <biomassRootCtoN>77</biomassRootCtoN>
      <useLinearMortalityLeaf>false</useLinearMortalityLeaf>
      <nitrogenFixationMoistureScalarLambda>0.77</nitrogenFixationMoistureScalarLambda>
      <mortalityAgStemDenominatorCoefficient>15.0</mortalityAgStemDenominatorCoefficient>
      <initialDetritusAgStemCarbon>11933</initialDetritusAgStemCarbon>
      <nitrogenFixationAsymbioticMaximum>0.0</nitrogenFixationAsymbioticMaximum>
      <petParam2>0.622</petParam2>
      <uptakeMaximumT>50.0</uptakeMaximumT>
      <petParam1>0.28</petParam1>
      <nppToBiomassRootNfraction>0.35</nppToBiomassRootNfraction>
      <useEtRecoveryFraction>true</useEtRecoveryFraction>
      <jDaySenescenceOff>366</jDaySenescenceOff>
      <mortalityRootAnnualFraction>1.0</mortalityRootAnnualFraction>
      <uniqueName>Conifer</uniqueName>
      <biomassAgStemCtoN>857</biomassAgStemCtoN>
      <jDaySenescenceOn>350</jDaySenescenceOn>
      <nitrogenFixationTemperatureScalarOptimumT>25.0</nitrogenFixationTemperatureScalarOptimumT>
      <useTranspirationLimiter>false</useTranspirationLimiter>
      <mortalityLeafExponentialCoefficient>0.8</mortalityLeafExponentialCoefficient>
      <nitrogenFixationTemperatureScalarCurvature>0.40</nitrogenFixationTemperatureScalarCurvature>
      <detritusLeafCtoN>46</detritusLeafCtoN>
      <mortalityBgStemDenominatorCoefficient>5.0</mortalityBgStemDenominatorCoefficient>
      <initialBiomassAgStemCarbon>33816</initialBiomassAgStemCarbon>
      <nh4MaximumUptakeRate>0.100</nh4MaximumUptakeRate>
      <no3MaximumUptakeRate>0.066</no3MaximumUptakeRate>
      <mortalityBgStemNumeratorCoefficient>1.0</mortalityBgStemNumeratorCoefficient>
      <initialBiomassRootCarbon>542</initialBiomassRootCarbon>
      <detritusBgStemCtoN>533</detritusBgStemCtoN>
      <initialDetritusBgStemCarbon>2580</initialDetritusBgStemCarbon>
      <nppToBiomassLeafNfraction>0.55</nppToBiomassLeafNfraction>
      <etRecoveryFractionSlope>0.0055</etRecoveryFractionSlope>
      <initialBiomassLeafCarbon>667</initialBiomassLeafCarbon>
      <GaleGrigalBetaParam>0.976</GaleGrigalBetaParam>
      <useNitrogenFixation>false</useNitrogenFixation>
      <mortalityBgStemAnnualFraction>1.0</mortalityBgStemAnnualFraction>
      <etRecoveryFractionMinimumLeafBiomassC>0.0</etRecoveryFractionMinimumLeafBiomassC>
      <etRecoveryFractionMinimumValue>0.30</etRecoveryFractionMinimumValue>
      <nitrogenFixationSymbioticMaximum>0.0</nitrogenFixationSymbioticMaximum>
      <initialDetritusRootCarbon>552</initialDetritusRootCarbon>
      <temperaturePetOff>-3</temperaturePetOff>
      <mortalityAgStemAnnualFraction>1.0</mortalityAgStemAnnualFraction>
      <biomassLeafCtoN>46</biomassLeafCtoN>
      <etRecoveryFractionIntercept>0.1908</etRecoveryFractionIntercept>
      <detritusBgStemNmaxDecay>0.00112</detritusBgStemNmaxDecay>
      <nitrogenFixationMoistureScalarK>1.6</nitrogenFixationMoistureScalarK>
      <mortalityLeafNumeratorCoefficient>1.0</mortalityLeafNumeratorCoefficient>
      <detritusRootNmaxDecay>0.008</detritusRootNmaxDecay>
      <mortalityRootExponentialCoefficient>0.2</mortalityRootExponentialCoefficient>
      <initialBiomassBgStemCarbon>6782</initialBiomassBgStemCarbon>
      <initialDetritusLeafCarbon>854</initialDetritusLeafCarbon>
      <degreeDayBase>2.0</degreeDayBase>
      <nh4Kn>0.5</nh4Kn>
      <useLinearMortalityRoot>false</useLinearMortalityRoot>
      <uniqueId>1</uniqueId>
      <mortalityAgStemExponentialCoefficient>0.11</mortalityAgStemExponentialCoefficient>
      <nitrogenFixationTemperatureScalarMaximumT>48.0</nitrogenFixationTemperatureScalarMaximumT>
      <seedlingValueAgStemCarbon>0.0</seedlingValueAgStemCarbon>
      <insulationCarbonUpperBound>700.0</insulationCarbonUpperBound>
      <insulationEfficiency>0.0</insulationEfficiency>
      <mortalityAgStemNumeratorCoefficient>1.0</mortalityAgStemNumeratorCoefficient>
      <nppToBiomassAgStemNfraction>0.8</nppToBiomassAgStemNfraction>
      <biomassBgStemCtoN>533</biomassBgStemCtoN>
      <jDayUptakeFirstAllowed>1</jDayUptakeFirstAllowed>
      <uptakeOptimumT>25.0</uptakeOptimumT>
      <mortalityLeafDenominatorCoefficient>10.0</mortalityLeafDenominatorCoefficient>
      <detritusLeafNmaxDecay>0.0033</detritusLeafNmaxDecay>
      <mortalityBgStemExponentialCoefficient>0.07</mortalityBgStemExponentialCoefficient>
      <no3Kn>0.5</no3Kn>
      <degreeDayThreshold>2.0</degreeDayThreshold>
      <detritusAgStemCtoN>857</detritusAgStemCtoN>
      <uptakeCurvature>0.5</uptakeCurvature>
      <allowUptakeAfterSenescence>true</allowUptakeAfterSenescence>
      <seedlingValueRootCarbon>0.0</seedlingValueRootCarbon>
      <nitrogenFixationUptakeFraction>0.5</nitrogenFixationUptakeFraction>
      <detritusRootCtoN>77</detritusRootCtoN>
      <seedlingValueBgStemCarbon>0.0</seedlingValueBgStemCarbon>
      <useLinearMortalityAgStem>false</useLinearMortalityAgStem>
      <transpirationLimiterJdayOn>152</transpirationLimiterJdayOn>
      <transpirationLimiterCoeffD>0.65</transpirationLimiterCoeffD>
      <transpirationLimiterCoeffC>0.000091</transpirationLimiterCoeffC>
      <nitrogenFixerFraction>0.0</nitrogenFixerFraction>
      <transpirationLimiterCoeffB>0.000006</transpirationLimiterCoeffB>
      <transpirationLimiterCoeffA>0.35</transpirationLimiterCoeffA>
      <detritusAgStemNmaxDecay>0.00112</detritusAgStemNmaxDecay>
      <seedlingValueLeafCarbon>0.0</seedlingValueLeafCarbon>
      <transpirationLimiterMaxTotalBiomassC>42000.0</transpirationLimiterMaxTotalBiomassC>
    </Cover1_Conifer.properties>
    <Cover0_NoData.properties>
      <mortalityLeafAnnualFraction>0.0</mortalityLeafAnnualFraction>
      <useLinearMortalityBgStem>false</useLinearMortalityBgStem>
      <mortalityRootNumeratorCoefficient>0.0</mortalityRootNumeratorCoefficient>
      <mortalityRootDenominatorCoefficient>0.0</mortalityRootDenominatorCoefficient>
      <noTranspirationPetFraction>0.0</noTranspirationPetFraction>
      <transpirationLimiterJdayOff>0</transpirationLimiterJdayOff>
      <biomassRootCtoN>70</biomassRootCtoN>
      <useLinearMortalityLeaf>false</useLinearMortalityLeaf>
      <nitrogenFixationMoistureScalarLambda>0.77</nitrogenFixationMoistureScalarLambda>
      <mortalityAgStemDenominatorCoefficient>0.0</mortalityAgStemDenominatorCoefficient>
      <initialDetritusAgStemCarbon/>
      <nitrogenFixationAsymbioticMaximum>0.0</nitrogenFixationAsymbioticMaximum>
      <petParam2>0.622</petParam2>
      <uptakeMaximumT>50.0</uptakeMaximumT>
      <petParam1>0.28</petParam1>
      <nppToBiomassRootNfraction>0.25</nppToBiomassRootNfraction>
      <useEtRecoveryFraction>false</useEtRecoveryFraction>
      <jDaySenescenceOff>367</jDaySenescenceOff>
      <mortalityRootAnnualFraction>0.0</mortalityRootAnnualFraction>
      <uniqueName>NoData</uniqueName>
      <biomassAgStemCtoN>500</biomassAgStemCtoN>
      <jDaySenescenceOn>274</jDaySenescenceOn>
      <nitrogenFixationTemperatureScalarOptimumT>25.0</nitrogenFixationTemperatureScalarOptimumT>
      <useTranspirationLimiter>false</useTranspirationLimiter>
      <mortalityLeafExponentialCoefficient>0.0</mortalityLeafExponentialCoefficient>
      <nitrogenFixationTemperatureScalarCurvature>0.40</nitrogenFixationTemperatureScalarCurvature>
      <detritusLeafCtoN>50</detritusLeafCtoN>
      <mortalityBgStemDenominatorCoefficient>0.0</mortalityBgStemDenominatorCoefficient>
      <initialBiomassAgStemCarbon/>
      <nh4MaximumUptakeRate>0.25</nh4MaximumUptakeRate>
      <no3MaximumUptakeRate>0.25</no3MaximumUptakeRate>
      <mortalityBgStemNumeratorCoefficient>0.0</mortalityBgStemNumeratorCoefficient>
      <initialBiomassRootCarbon/>
      <detritusBgStemCtoN>500</detritusBgStemCtoN>
      <initialDetritusBgStemCarbon/>
      <nppToBiomassLeafNfraction>0.25</nppToBiomassLeafNfraction>
      <etRecoveryFractionSlope>0.0055</etRecoveryFractionSlope>
      <initialBiomassLeafCarbon/>
      <GaleGrigalBetaParam>0.976</GaleGrigalBetaParam>
      <useNitrogenFixation>false</useNitrogenFixation>
      <mortalityBgStemAnnualFraction>0.0</mortalityBgStemAnnualFraction>
      <etRecoveryFractionMinimumLeafBiomassC>0.0</etRecoveryFractionMinimumLeafBiomassC>
      <etRecoveryFractionMinimumValue>0.30</etRecoveryFractionMinimumValue>
      <nitrogenFixationSymbioticMaximum>0.0</nitrogenFixationSymbioticMaximum>
      <initialDetritusRootCarbon/>
      <temperaturePetOff>-3</temperaturePetOff>
      <mortalityAgStemAnnualFraction>0.0</mortalityAgStemAnnualFraction>
      <biomassLeafCtoN>50</biomassLeafCtoN>
      <etRecoveryFractionIntercept>0.1908</etRecoveryFractionIntercept>
      <detritusBgStemNmaxDecay>0</detritusBgStemNmaxDecay>
      <nitrogenFixationMoistureScalarK>1.6</nitrogenFixationMoistureScalarK>
      <mortalityLeafNumeratorCoefficient>0.0</mortalityLeafNumeratorCoefficient>
      <detritusRootNmaxDecay>0</detritusRootNmaxDecay>
      <mortalityRootExponentialCoefficient>0.0</mortalityRootExponentialCoefficient>
      <initialBiomassBgStemCarbon/>
      <initialDetritusLeafCarbon/>
      <degreeDayBase>10.0</degreeDayBase>
      <nh4Kn>0.1</nh4Kn>
      <useLinearMortalityRoot>false</useLinearMortalityRoot>
      <uniqueId>0</uniqueId>
      <mortalityAgStemExponentialCoefficient>0.0</mortalityAgStemExponentialCoefficient>
      <nitrogenFixationTemperatureScalarMaximumT>48.0</nitrogenFixationTemperatureScalarMaximumT>
      <seedlingValueAgStemCarbon>0.0</seedlingValueAgStemCarbon>
      <insulationCarbonUpperBound>700.0</insulationCarbonUpperBound>
      <insulationEfficiency>0.0</insulationEfficiency>
      <mortalityAgStemNumeratorCoefficient>0.0</mortalityAgStemNumeratorCoefficient>
      <nppToBiomassAgStemNfraction>0.8</nppToBiomassAgStemNfraction>
      <biomassBgStemCtoN>500</biomassBgStemCtoN>
      <jDayUptakeFirstAllowed>1</jDayUptakeFirstAllowed>
      <uptakeOptimumT>25.0</uptakeOptimumT>
      <mortalityLeafDenominatorCoefficient>0.0</mortalityLeafDenominatorCoefficient>
      <detritusLeafNmaxDecay>0</detritusLeafNmaxDecay>
      <mortalityBgStemExponentialCoefficient>0.0</mortalityBgStemExponentialCoefficient>
      <no3Kn>0.1</no3Kn>
      <degreeDayThreshold>50.0</degreeDayThreshold>
      <detritusAgStemCtoN>500</detritusAgStemCtoN>
      <uptakeCurvature>0.5</uptakeCurvature>
      <allowUptakeAfterSenescence>true</allowUptakeAfterSenescence>
      <seedlingValueRootCarbon>0.0</seedlingValueRootCarbon>
      <nitrogenFixationUptakeFraction>0.5</nitrogenFixationUptakeFraction>
      <detritusRootCtoN>70</detritusRootCtoN>
      <seedlingValueBgStemCarbon>0.0</seedlingValueBgStemCarbon>
      <useLinearMortalityAgStem>false</useLinearMortalityAgStem>
      <transpirationLimiterJdayOn>0</transpirationLimiterJdayOn>
      <transpirationLimiterCoeffD>0</transpirationLimiterCoeffD>
      <transpirationLimiterCoeffC>0</transpirationLimiterCoeffC>
      <nitrogenFixerFraction>0.0</nitrogenFixerFraction>
      <transpirationLimiterCoeffB>0</transpirationLimiterCoeffB>
      <transpirationLimiterCoeffA>0</transpirationLimiterCoeffA>
      <detritusAgStemNmaxDecay>0</detritusAgStemNmaxDecay>
      <seedlingValueLeafCarbon>0.0</seedlingValueLeafCarbon>
      <transpirationLimiterMaxTotalBiomassC>0</transpirationLimiterMaxTotalBiomassC>
    </Cover0_NoData.properties>
    <Cover6_Reserve.properties>
      <mortalityLeafAnnualFraction>0.0</mortalityLeafAnnualFraction>
      <useLinearMortalityBgStem>false</useLinearMortalityBgStem>
      <mortalityRootNumeratorCoefficient>0.0</mortalityRootNumeratorCoefficient>
      <mortalityRootDenominatorCoefficient>0.0</mortalityRootDenominatorCoefficient>
      <noTranspirationPetFraction>0.0</noTranspirationPetFraction>
      <transpirationLimiterJdayOff>0</transpirationLimiterJdayOff>
      <biomassRootCtoN>70</biomassRootCtoN>
      <useLinearMortalityLeaf>false</useLinearMortalityLeaf>
      <nitrogenFixationMoistureScalarLambda>0.77</nitrogenFixationMoistureScalarLambda>
      <mortalityAgStemDenominatorCoefficient>0.0</mortalityAgStemDenominatorCoefficient>
      <initialDetritusAgStemCarbon/>
      <nitrogenFixationAsymbioticMaximum>0.0</nitrogenFixationAsymbioticMaximum>
      <petParam2>0.622</petParam2>
      <uptakeMaximumT>50.0</uptakeMaximumT>
      <petParam1>0.28</petParam1>
      <nppToBiomassRootNfraction>0.25</nppToBiomassRootNfraction>
      <useEtRecoveryFraction>false</useEtRecoveryFraction>
      <jDaySenescenceOff>367</jDaySenescenceOff>
      <mortalityRootAnnualFraction>0.0</mortalityRootAnnualFraction>
      <uniqueName>Reserve</uniqueName>
      <biomassAgStemCtoN>500</biomassAgStemCtoN>
      <jDaySenescenceOn>274</jDaySenescenceOn>
      <nitrogenFixationTemperatureScalarOptimumT>25.0</nitrogenFixationTemperatureScalarOptimumT>
      <useTranspirationLimiter>false</useTranspirationLimiter>
      <mortalityLeafExponentialCoefficient>0.0</mortalityLeafExponentialCoefficient>
      <nitrogenFixationTemperatureScalarCurvature>0.40</nitrogenFixationTemperatureScalarCurvature>
      <detritusLeafCtoN>50</detritusLeafCtoN>
      <mortalityBgStemDenominatorCoefficient>0.0</mortalityBgStemDenominatorCoefficient>
      <initialBiomassAgStemCarbon/>
      <nh4MaximumUptakeRate>0.25</nh4MaximumUptakeRate>
      <no3MaximumUptakeRate>0.25</no3MaximumUptakeRate>
      <mortalityBgStemNumeratorCoefficient>0.0</mortalityBgStemNumeratorCoefficient>
      <initialBiomassRootCarbon/>
      <detritusBgStemCtoN>500</detritusBgStemCtoN>
      <initialDetritusBgStemCarbon/>
      <nppToBiomassLeafNfraction>0.25</nppToBiomassLeafNfraction>
      <etRecoveryFractionSlope>0.0055</etRecoveryFractionSlope>
      <initialBiomassLeafCarbon/>
      <GaleGrigalBetaParam>0.976</GaleGrigalBetaParam>
      <useNitrogenFixation>false</useNitrogenFixation>
      <mortalityBgStemAnnualFraction>0.0</mortalityBgStemAnnualFraction>
      <etRecoveryFractionMinimumLeafBiomassC>0.0</etRecoveryFractionMinimumLeafBiomassC>
      <etRecoveryFractionMinimumValue>0.30</etRecoveryFractionMinimumValue>
      <nitrogenFixationSymbioticMaximum>0.0</nitrogenFixationSymbioticMaximum>
      <initialDetritusRootCarbon/>
      <temperaturePetOff>-3</temperaturePetOff>
      <mortalityAgStemAnnualFraction>0.0</mortalityAgStemAnnualFraction>
      <biomassLeafCtoN>50</biomassLeafCtoN>
      <etRecoveryFractionIntercept>0.1908</etRecoveryFractionIntercept>
      <detritusBgStemNmaxDecay>0</detritusBgStemNmaxDecay>
      <nitrogenFixationMoistureScalarK>1.6</nitrogenFixationMoistureScalarK>
      <mortalityLeafNumeratorCoefficient>0.0</mortalityLeafNumeratorCoefficient>
      <detritusRootNmaxDecay>0</detritusRootNmaxDecay>
      <mortalityRootExponentialCoefficient>0.0</mortalityRootExponentialCoefficient>
      <initialBiomassBgStemCarbon/>
      <initialDetritusLeafCarbon/>
      <degreeDayBase>10.0</degreeDayBase>
      <nh4Kn>0.1</nh4Kn>
      <useLinearMortalityRoot>false</useLinearMortalityRoot>
      <uniqueId>6</uniqueId>
      <mortalityAgStemExponentialCoefficient>0.0</mortalityAgStemExponentialCoefficient>
      <nitrogenFixationTemperatureScalarMaximumT>48.0</nitrogenFixationTemperatureScalarMaximumT>
      <seedlingValueAgStemCarbon>0.0</seedlingValueAgStemCarbon>
      <insulationCarbonUpperBound>700.0</insulationCarbonUpperBound>
      <insulationEfficiency>0.0</insulationEfficiency>
      <mortalityAgStemNumeratorCoefficient>0.0</mortalityAgStemNumeratorCoefficient>
      <nppToBiomassAgStemNfraction>0.8</nppToBiomassAgStemNfraction>
      <biomassBgStemCtoN>500</biomassBgStemCtoN>
      <jDayUptakeFirstAllowed>1</jDayUptakeFirstAllowed>
      <uptakeOptimumT>25.0</uptakeOptimumT>
      <mortalityLeafDenominatorCoefficient>0.0</mortalityLeafDenominatorCoefficient>
      <detritusLeafNmaxDecay>0</detritusLeafNmaxDecay>
      <mortalityBgStemExponentialCoefficient>0.0</mortalityBgStemExponentialCoefficient>
      <no3Kn>0.1</no3Kn>
      <degreeDayThreshold>50.0</degreeDayThreshold>
      <detritusAgStemCtoN>500</detritusAgStemCtoN>
      <uptakeCurvature>0.5</uptakeCurvature>
      <allowUptakeAfterSenescence>true</allowUptakeAfterSenescence>
      <seedlingValueRootCarbon>0.0</seedlingValueRootCarbon>
      <nitrogenFixationUptakeFraction>0.5</nitrogenFixationUptakeFraction>
      <detritusRootCtoN>70</detritusRootCtoN>
      <seedlingValueBgStemCarbon>0.0</seedlingValueBgStemCarbon>
      <useLinearMortalityAgStem>false</useLinearMortalityAgStem>
      <transpirationLimiterJdayOn>0</transpirationLimiterJdayOn>
      <transpirationLimiterCoeffD>0</transpirationLimiterCoeffD>
      <transpirationLimiterCoeffC>0</transpirationLimiterCoeffC>
      <nitrogenFixerFraction>0.0</nitrogenFixerFraction>
      <transpirationLimiterCoeffB>0</transpirationLimiterCoeffB>
      <transpirationLimiterCoeffA>0</transpirationLimiterCoeffA>
      <detritusAgStemNmaxDecay>0</detritusAgStemNmaxDecay>
      <seedlingValueLeafCarbon>0.0</seedlingValueLeafCarbon>
      <transpirationLimiterMaxTotalBiomassC>0</transpirationLimiterMaxTotalBiomassC>
    </Cover6_Reserve.properties>
    <Cover5_Private.properties>
      <mortalityLeafAnnualFraction>0.0</mortalityLeafAnnualFraction>
      <useLinearMortalityBgStem>false</useLinearMortalityBgStem>
      <mortalityRootNumeratorCoefficient>0.0</mortalityRootNumeratorCoefficient>
      <mortalityRootDenominatorCoefficient>0.0</mortalityRootDenominatorCoefficient>
      <noTranspirationPetFraction>0.0</noTranspirationPetFraction>
      <transpirationLimiterJdayOff>0</transpirationLimiterJdayOff>
      <biomassRootCtoN>70</biomassRootCtoN>
      <useLinearMortalityLeaf>false</useLinearMortalityLeaf>
      <nitrogenFixationMoistureScalarLambda>0.77</nitrogenFixationMoistureScalarLambda>
      <mortalityAgStemDenominatorCoefficient>0.0</mortalityAgStemDenominatorCoefficient>
      <initialDetritusAgStemCarbon/>
      <nitrogenFixationAsymbioticMaximum>0.0</nitrogenFixationAsymbioticMaximum>
      <petParam2>0.622</petParam2>
      <uptakeMaximumT>50.0</uptakeMaximumT>
      <petParam1>0.28</petParam1>
      <nppToBiomassRootNfraction>0.25</nppToBiomassRootNfraction>
      <useEtRecoveryFraction>false</useEtRecoveryFraction>
      <jDaySenescenceOff>367</jDaySenescenceOff>
      <mortalityRootAnnualFraction>0.0</mortalityRootAnnualFraction>
      <uniqueName>Private</uniqueName>
      <biomassAgStemCtoN>500</biomassAgStemCtoN>
      <jDaySenescenceOn>274</jDaySenescenceOn>
      <nitrogenFixationTemperatureScalarOptimumT>25.0</nitrogenFixationTemperatureScalarOptimumT>
      <useTranspirationLimiter>false</useTranspirationLimiter>
      <mortalityLeafExponentialCoefficient>0.0</mortalityLeafExponentialCoefficient>
      <nitrogenFixationTemperatureScalarCurvature>0.40</nitrogenFixationTemperatureScalarCurvature>
      <detritusLeafCtoN>50</detritusLeafCtoN>
      <mortalityBgStemDenominatorCoefficient>0.0</mortalityBgStemDenominatorCoefficient>
      <initialBiomassAgStemCarbon/>
      <nh4MaximumUptakeRate>0.25</nh4MaximumUptakeRate>
      <no3MaximumUptakeRate>0.25</no3MaximumUptakeRate>
      <mortalityBgStemNumeratorCoefficient>0.0</mortalityBgStemNumeratorCoefficient>
      <initialBiomassRootCarbon/>
      <detritusBgStemCtoN>500</detritusBgStemCtoN>
      <initialDetritusBgStemCarbon/>
      <nppToBiomassLeafNfraction>0.25</nppToBiomassLeafNfraction>
      <etRecoveryFractionSlope>0.0055</etRecoveryFractionSlope>
      <initialBiomassLeafCarbon/>
      <GaleGrigalBetaParam>0.976</GaleGrigalBetaParam>
      <useNitrogenFixation>false</useNitrogenFixation>
      <mortalityBgStemAnnualFraction>0.0</mortalityBgStemAnnualFraction>
      <etRecoveryFractionMinimumLeafBiomassC>0.0</etRecoveryFractionMinimumLeafBiomassC>
      <etRecoveryFractionMinimumValue>0.30</etRecoveryFractionMinimumValue>
      <nitrogenFixationSymbioticMaximum>0.0</nitrogenFixationSymbioticMaximum>
      <initialDetritusRootCarbon/>
      <temperaturePetOff>-3</temperaturePetOff>
      <mortalityAgStemAnnualFraction>0.0</mortalityAgStemAnnualFraction>
      <biomassLeafCtoN>50</biomassLeafCtoN>
      <etRecoveryFractionIntercept>0.1908</etRecoveryFractionIntercept>
      <detritusBgStemNmaxDecay>0</detritusBgStemNmaxDecay>
      <nitrogenFixationMoistureScalarK>1.6</nitrogenFixationMoistureScalarK>
      <mortalityLeafNumeratorCoefficient>0.0</mortalityLeafNumeratorCoefficient>
      <detritusRootNmaxDecay>0</detritusRootNmaxDecay>
      <mortalityRootExponentialCoefficient>0.0</mortalityRootExponentialCoefficient>
      <initialBiomassBgStemCarbon/>
      <initialDetritusLeafCarbon/>
      <degreeDayBase>10.0</degreeDayBase>
      <nh4Kn>0.1</nh4Kn>
      <useLinearMortalityRoot>false</useLinearMortalityRoot>
      <uniqueId>5</uniqueId>
      <mortalityAgStemExponentialCoefficient>0.0</mortalityAgStemExponentialCoefficient>
      <nitrogenFixationTemperatureScalarMaximumT>48.0</nitrogenFixationTemperatureScalarMaximumT>
      <seedlingValueAgStemCarbon>0.0</seedlingValueAgStemCarbon>
      <insulationCarbonUpperBound>700.0</insulationCarbonUpperBound>
      <insulationEfficiency>0.0</insulationEfficiency>
      <mortalityAgStemNumeratorCoefficient>0.0</mortalityAgStemNumeratorCoefficient>
      <nppToBiomassAgStemNfraction>0.8</nppToBiomassAgStemNfraction>
      <biomassBgStemCtoN>500</biomassBgStemCtoN>
      <jDayUptakeFirstAllowed>1</jDayUptakeFirstAllowed>
      <uptakeOptimumT>25.0</uptakeOptimumT>
      <mortalityLeafDenominatorCoefficient>0.0</mortalityLeafDenominatorCoefficient>
      <detritusLeafNmaxDecay>0</detritusLeafNmaxDecay>
      <mortalityBgStemExponentialCoefficient>0.0</mortalityBgStemExponentialCoefficient>
      <no3Kn>0.1</no3Kn>
      <degreeDayThreshold>50.0</degreeDayThreshold>
      <detritusAgStemCtoN>500</detritusAgStemCtoN>
      <uptakeCurvature>0.5</uptakeCurvature>
      <allowUptakeAfterSenescence>true</allowUptakeAfterSenescence>
      <seedlingValueRootCarbon>0.0</seedlingValueRootCarbon>
      <nitrogenFixationUptakeFraction>0.5</nitrogenFixationUptakeFraction>
      <detritusRootCtoN>70</detritusRootCtoN>
      <seedlingValueBgStemCarbon>0.0</seedlingValueBgStemCarbon>
      <useLinearMortalityAgStem>false</useLinearMortalityAgStem>
      <transpirationLimiterJdayOn>0</transpirationLimiterJdayOn>
      <transpirationLimiterCoeffD>0</transpirationLimiterCoeffD>
      <transpirationLimiterCoeffC>0</transpirationLimiterCoeffC>
      <nitrogenFixerFraction>0.0</nitrogenFixerFraction>
      <transpirationLimiterCoeffB>0</transpirationLimiterCoeffB>
      <transpirationLimiterCoeffA>0</transpirationLimiterCoeffA>
      <detritusAgStemNmaxDecay>0</detritusAgStemNmaxDecay>
      <seedlingValueLeafCarbon>0.0</seedlingValueLeafCarbon>
      <transpirationLimiterMaxTotalBiomassC>0</transpirationLimiterMaxTotalBiomassC>
    </Cover5_Private.properties>
  </cover>
  <contaminant/>
  <display>
    <DisplayRange>
      <maxBiomassRootLayersDayDisplay>1000.0</maxBiomassRootLayersDayDisplay>
      <minBiomassRootDayDisplay>0.0</minBiomassRootDayDisplay>
      <minBiomassLeafDayDisplay>0.0</minBiomassLeafDayDisplay>
      <maxNppDayDisplay>20.0</maxNppDayDisplay>
      <maxVsaValueSpatialDisplay>50.0</maxVsaValueSpatialDisplay>
      <maxEtDayDisplay>10.0</maxEtDayDisplay>
      <maxNh4SpatialDisplay>1.0</maxNh4SpatialDisplay>
      <minWaterLayerTDayDisplay>0.0</minWaterLayerTDayDisplay>
      <maxBiomassBgStemDayDisplay>10000</maxBiomassBgStemDayDisplay>
      <maxSurfaceDocSpatialDisplay>100.0</maxSurfaceDocSpatialDisplay>
      <maxTotalNLossDayDisplay>0.005</maxTotalNLossDayDisplay>
      <maxNepYearSumDisplay>3000.0</maxNepYearSumDisplay>
      <minHydroYearSumDisplay>0.0</minHydroYearSumDisplay>
      <maxBiomassYearFinalDisplay>50000.0</maxBiomassYearFinalDisplay>
      <minHumusDayDisplay>0.0</minHumusDayDisplay>
      <minBiomassRootLayersDayDisplay>0.0</minBiomassRootLayersDayDisplay>
      <maxDonLossYearFinalDisplay>2.0</maxDonLossYearFinalDisplay>
      <minDetritusRootDayDisplay>0.0</minDetritusRootDayDisplay>
      <minDetritusLeafDayDisplay>0.0</minDetritusLeafDayDisplay>
      <maxAirTDayDisplay>40.0</maxAirTDayDisplay>
      <max_psm_don>20.0</max_psm_don>
      <maxHumusLayersDayDisplay>1500.0</maxHumusLayersDayDisplay>
      <maxDonLossYearSumDisplay>0.4</maxDonLossYearSumDisplay>
      <maxDonSpatialDisplay>5.0</maxDonSpatialDisplay>
      <minBiomassYearSumDisplay>0.0</minBiomassYearSumDisplay>
      <maxNppYearSumDisplay>1200.0</maxNppYearSumDisplay>
      <maxNh4LossYearSumDisplay>0.025</maxNh4LossYearSumDisplay>
      <maxLitterDayDisplay>55000.0</maxLitterDayDisplay>
      <maxStandingWaterSpatialDisplay>5.0</maxStandingWaterSpatialDisplay>
      <min_ndetritus>6000.0</min_ndetritus>
      <maxContaminantDaySpatialDisplay>1.0</maxContaminantDaySpatialDisplay>
      <maxHydroYearSumDisplay>3000.0</maxHydroYearSumDisplay>
      <maxBiomassAgStemDayDisplay>55000</maxBiomassAgStemDayDisplay>
      <max_ndetritus>40000.0</max_ndetritus>
      <maxDetritusRootLayersDayDisplay>720.0</maxDetritusRootLayersDayDisplay>
      <maxAirTSpatialDisplay>30.0</maxAirTSpatialDisplay>
      <minNepDayDisplay>-1400.0</minNepDayDisplay>
      <maxAirTYearDisplay>30.0</maxAirTYearDisplay>
      <maxCo2DaySpatialDisplay>2.0</maxCo2DaySpatialDisplay>
      <minDetritusBgStemLayersDayDisplay>0</minDetritusBgStemLayersDayDisplay>
      <maxDonLossDayDisplay>0.002</maxDonLossDayDisplay>
      <vplot_d>20.0</vplot_d>
      <max_psm_c>60.0</max_psm_c>
      <maxAgTotalBurnedCarbonDaySpatialDisplay>750.0</maxAgTotalBurnedCarbonDaySpatialDisplay>
      <maxNh4LossDayDisplay>0.0008</maxNh4LossDayDisplay>
      <maxNo3LossYearSumDisplay>0.004</maxNo3LossYearSumDisplay>
      <minDocLossYearSumDisplay>0.0</minDocLossYearSumDisplay>
      <maxDetritusBgStemLayersDayDisplay>1800.0</maxDetritusBgStemLayersDayDisplay>
      <minHgDaySpatialDisplay>0.0</minHgDaySpatialDisplay>
      <minNepYearSumDisplay>-3000.0</minNepYearSumDisplay>
      <maxContaminantDayDisplay>1.0</maxContaminantDayDisplay>
      <maxSnowMeltSpatialDisplay>60.0</maxSnowMeltSpatialDisplay>
      <maxNepDayDisplay>1000.0</maxNepDayDisplay>
      <maxDocLossYearFinalDisplay>200.0</maxDocLossYearFinalDisplay>
      <max_np>3800.0</max_np>
      <maxGroundTDayDisplay>40.0</maxGroundTDayDisplay>
      <maxNo3SpatialDisplay>1.0</maxNo3SpatialDisplay>
      <maxPlantUptakeSpatialDisplay>0.5</maxPlantUptakeSpatialDisplay>
      <maxDocSpatialDisplay>600.0</maxDocSpatialDisplay>
      <maxStandingWaterDayDisplay>250.0</maxStandingWaterDayDisplay>
      <max_aet>1000.0</max_aet>
      <maxMeHgDaySpatialDisplay>1.0</maxMeHgDaySpatialDisplay>
      <minVsaValueSpatialDisplay>0.0</minVsaValueSpatialDisplay>
      <maxIrradianceSpatialDisplay>500.0</maxIrradianceSpatialDisplay>
      <maxBiomassDayDisplay>75000.0</maxBiomassDayDisplay>
      <maxAgTotalCarbonDaySpatialDisplay>1000.0</maxAgTotalCarbonDaySpatialDisplay>
      <maxBiomassRootDayDisplay>1600</maxBiomassRootDayDisplay>
      <maxNinSpatialDisplay>1.0</maxNinSpatialDisplay>
      <maxBiomassLeafDayDisplay>1600</maxBiomassLeafDayDisplay>
      <maxCo2DenitDaySpatialDisplay>2.0</maxCo2DenitDaySpatialDisplay>
      <minAgTotalBurnedCarbonDaySpatialDisplay>0.0</minAgTotalBurnedCarbonDaySpatialDisplay>
      <minHumusLayersDayDisplay>0.0</minHumusLayersDayDisplay>
      <minIrradianceSpatialDisplay>0.0</minIrradianceSpatialDisplay>
      <minAgTotalCarbonDaySpatialDisplay>0.0</minAgTotalCarbonDaySpatialDisplay>
      <maxNinDayDisplay>0.02</maxNinDayDisplay>
      <minBiomassBgStemDayDisplay>0.0</minBiomassBgStemDayDisplay>
      <vplot_doc>200.0</vplot_doc>
      <maxAsymbioticNfixedDayDisplay>0.1</maxAsymbioticNfixedDayDisplay>
      <maxDetritusRootDayDisplay>1200</maxDetritusRootDayDisplay>
      <maxWaterLayerTDayDisplay>40.0</maxWaterLayerTDayDisplay>
      <maxDetritusLeafDayDisplay>2000</maxDetritusLeafDayDisplay>
      <minBiomassYearFinalDisplay>0.0</minBiomassYearFinalDisplay>
      <maxTidewaterSpatialDisplay>3.0</maxTidewaterSpatialDisplay>
      <maxAgTotalGrazedCarbonDaySpatialDisplay>750.0</maxAgTotalGrazedCarbonDaySpatialDisplay>
      <minContaminantDaySpatialDisplay>0.0</minContaminantDaySpatialDisplay>
      <max_psm_npp>2.0</max_psm_npp>
      <min_aet>100.0</min_aet>
      <maxNo3LossDayDisplay>0.0002</maxNo3LossDayDisplay>
      <maxSnowSpatialDisplay>50.0</maxSnowSpatialDisplay>
      <maxSurfaceDonSpatialDisplay>1.0</maxSurfaceDonSpatialDisplay>
      <maxNo3DenitDaySpatialDisplay>2.0</maxNo3DenitDaySpatialDisplay>
      <maxSurfaceNh4SpatialDisplay>1.0</maxSurfaceNh4SpatialDisplay>
      <maxSubRunoffDayDisplay>30.0</maxSubRunoffDayDisplay>
      <minDetritusRootLayersDayDisplay>0.0</minDetritusRootLayersDayDisplay>
      <minAirTDayDisplay>-10.0</minAirTDayDisplay>
      <maxHgDaySpatialDisplay>1.0</maxHgDaySpatialDisplay>
      <maxDetritusBgStemDayDisplay>7000</maxDetritusBgStemDayDisplay>
      <maxNitrificationDaySpatialDisplay>0.002</maxNitrificationDaySpatialDisplay>
      <maxBiomassYearSumDisplay>50000.0</maxBiomassYearSumDisplay>
      <minAirTSpatialDisplay>-10.0</minAirTSpatialDisplay>
      <maxHumusDayDisplay>20000.0</maxHumusDayDisplay>
      <minDetritusBgStemDayDisplay>0.0</minDetritusBgStemDayDisplay>
      <maxDocLossDayDisplay>0.04</maxDocLossDayDisplay>
      <minAirTYearDisplay>0.0</minAirTYearDisplay>
      <minBiomassAgStemDayDisplay>0.0</minBiomassAgStemDayDisplay>
      <minGroundTDayDisplay>-20.0</minGroundTDayDisplay>
      <max_qtdin>0.0025</max_qtdin>
      <maxIrradianceDayDisplay>500.0</maxIrradianceDayDisplay>
      <maxRunoffDayDisplay>50.0</maxRunoffDayDisplay>
      <maxRainSpatialDisplay>60.0</maxRainSpatialDisplay>
      <minContaminantDayDisplay>0.0</minContaminantDayDisplay>
      <maxSymbioticNfixedDayDisplay>1.0</maxSymbioticNfixedDayDisplay>
      <minPlantUptakeSpatialDisplay>0.0</minPlantUptakeSpatialDisplay>
      <maxRainDayDisplay>100.0</maxRainDayDisplay>
      <minBiomassDayDisplay>0.0</minBiomassDayDisplay>
      <maxDetritusAgStemDayDisplay>30000</maxDetritusAgStemDayDisplay>
      <maxDenitrificationDaySpatialDisplay>0.00001</maxDenitrificationDaySpatialDisplay>
      <maxDocLossYearSumDisplay>10.0</maxDocLossYearSumDisplay>
      <maxNinfiltrationSpatialDisplay>1.0</maxNinfiltrationSpatialDisplay>
      <minDetritusAgStemDayDisplay>0.0</minDetritusAgStemDayDisplay>
      <maxSurfaceNo3SpatialDisplay>1.0</maxSurfaceNo3SpatialDisplay>
      <minLitterDayDisplay>0.0</minLitterDayDisplay>
      <minAgTotalGrazedCarbonDaySpatialDisplay>0.0</minAgTotalGrazedCarbonDaySpatialDisplay>
      <minMeHgDaySpatialDisplay>0.0</minMeHgDaySpatialDisplay>
      <maxSnowDepthSpatialDisplay>30.0</maxSnowDepthSpatialDisplay>
    </DisplayRange>
  </display>
  <disturbance>
    <INITIAL_BIOMASS_ROOT_N_1>
      <initializeActiveJdays>1</initializeActiveJdays>
      <modelClass>SetSpatialDataByMapDisturbanceModel</modelClass>
      <occursAtStepStart>true</occursAtStepStart>
      <initializeActiveLoops>1</initializeActiveLoops>
      <initializeActiveYears>1990</initializeActiveYears>
      <spatialDataName>BIOMASS_ROOT_N</spatialDataName>
      <spatialDataFileFullName>o_10_ChemistryPools\N_g_root_1.asc</spatialDataFileFullName>
      <spatialDataLayer>1</spatialDataLayer>
    </INITIAL_BIOMASS_ROOT_N_1>
    <INITIAL_BIOMASS_BG_STEM_N>
      <initializeActiveJdays>1</initializeActiveJdays>
      <modelClass>SetSpatialDataByMapDisturbanceModel</modelClass>
      <occursAtStepStart>true</occursAtStepStart>
      <initializeActiveLoops>1</initializeActiveLoops>
      <initializeActiveYears>1990</initializeActiveYears>
      <spatialDataName>BIOMASS_BG_STEM_N</spatialDataName>
      <spatialDataFileFullName>o_10_ChemistryPools\N_g_BgStem.asc</spatialDataFileFullName>
      <spatialDataLayer>1</spatialDataLayer>
    </INITIAL_BIOMASS_BG_STEM_N>
    <INITIAL_BIOMASS_ROOT_N_3>
      <initializeActiveJdays>1</initializeActiveJdays>
      <modelClass>SetSpatialDataByMapDisturbanceModel</modelClass>
      <occursAtStepStart>true</occursAtStepStart>
      <initializeActiveLoops>1</initializeActiveLoops>
      <initializeActiveYears>1990</initializeActiveYears>
      <spatialDataName>BIOMASS_ROOT_N</spatialDataName>
      <spatialDataFileFullName>o_10_ChemistryPools\N_g_root_3.asc</spatialDataFileFullName>
      <spatialDataLayer>3</spatialDataLayer>
    </INITIAL_BIOMASS_ROOT_N_3>
    <INITIAL_BIOMASS_ROOT_N_2>
      <initializeActiveJdays>1</initializeActiveJdays>
      <modelClass>SetSpatialDataByMapDisturbanceModel</modelClass>
      <occursAtStepStart>true</occursAtStepStart>
      <initializeActiveLoops>1</initializeActiveLoops>
      <initializeActiveYears>1990</initializeActiveYears>
      <spatialDataName>BIOMASS_ROOT_N</spatialDataName>
      <spatialDataFileFullName>o_10_ChemistryPools\N_g_root_2.asc</spatialDataFileFullName>
      <spatialDataLayer>2</spatialDataLayer>
    </INITIAL_BIOMASS_ROOT_N_2>
    <INITIAL_BIOMASS_ROOT_N_4>
      <initializeActiveJdays>1</initializeActiveJdays>
      <modelClass>SetSpatialDataByMapDisturbanceModel</modelClass>
      <occursAtStepStart>true</occursAtStepStart>
      <initializeActiveLoops>1</initializeActiveLoops>
      <initializeActiveYears>1990</initializeActiveYears>
      <spatialDataName>BIOMASS_ROOT_N</spatialDataName>
      <spatialDataFileFullName>o_10_ChemistryPools\N_g_root_4.asc</spatialDataFileFullName>
      <spatialDataLayer>4</spatialDataLayer>
    </INITIAL_BIOMASS_ROOT_N_4>
    <INITIAL_HUMUS_1>
      <initializeActiveJdays>1</initializeActiveJdays>
      <modelClass>SetSpatialDataByMapDisturbanceModel</modelClass>
      <occursAtStepStart>true</occursAtStepStart>
      <initializeActiveLoops>1</initializeActiveLoops>
      <initializeActiveYears>1990</initializeActiveYears>
      <spatialDataName>HUMUS</spatialDataName>
      <spatialDataFileFullName>o_10_ChemistryPools\N_g_Humus_1.asc</spatialDataFileFullName>
      <spatialDataLayer>1</spatialDataLayer>
    </INITIAL_HUMUS_1>
    <INITIAL_NH4_1>
      <initializeActiveJdays>1</initializeActiveJdays>
      <modelClass>SetSpatialDataByMapDisturbanceModel</modelClass>
      <occursAtStepStart>true</occursAtStepStart>
      <initializeActiveLoops>1</initializeActiveLoops>
      <initializeActiveYears>1990</initializeActiveYears>
      <spatialDataName>NH4</spatialDataName>
      <spatialDataFileFullName>o_10_ChemistryPools\NH4_Pool_1.asc</spatialDataFileFullName>
      <spatialDataLayer>1</spatialDataLayer>
    </INITIAL_NH4_1>
    <INITIAL_HUMUS_3>
      <initializeActiveJdays>1</initializeActiveJdays>
      <modelClass>SetSpatialDataByMapDisturbanceModel</modelClass>
      <occursAtStepStart>true</occursAtStepStart>
      <initializeActiveLoops>1</initializeActiveLoops>
      <initializeActiveYears>1990</initializeActiveYears>
      <spatialDataName>HUMUS</spatialDataName>
      <spatialDataFileFullName>o_10_ChemistryPools\N_g_Humus_3.asc</spatialDataFileFullName>
      <spatialDataLayer>3</spatialDataLayer>
    </INITIAL_HUMUS_3>
    <INITIAL_NH4_3>
      <initializeActiveJdays>1</initializeActiveJdays>
      <modelClass>SetSpatialDataByMapDisturbanceModel</modelClass>
      <occursAtStepStart>true</occursAtStepStart>
      <initializeActiveLoops>1</initializeActiveLoops>
      <initializeActiveYears>1990</initializeActiveYears>
      <spatialDataName>NH4</spatialDataName>
      <spatialDataFileFullName>o_10_ChemistryPools\NH4_Pool_3.asc</spatialDataFileFullName>
      <spatialDataLayer>3</spatialDataLayer>
    </INITIAL_NH4_3>
    <INITIAL_HUMUS_2>
      <initializeActiveJdays>1</initializeActiveJdays>
      <modelClass>SetSpatialDataByMapDisturbanceModel</modelClass>
      <occursAtStepStart>true</occursAtStepStart>
      <initializeActiveLoops>1</initializeActiveLoops>
      <initializeActiveYears>1990</initializeActiveYears>
      <spatialDataName>HUMUS</spatialDataName>
      <spatialDataFileFullName>o_10_ChemistryPools\N_g_Humus_2.asc</spatialDataFileFullName>
      <spatialDataLayer>2</spatialDataLayer>
    </INITIAL_HUMUS_2>
    <INITIAL_NH4_2>
      <initializeActiveJdays>1</initializeActiveJdays>
      <modelClass>SetSpatialDataByMapDisturbanceModel</modelClass>
      <occursAtStepStart>true</occursAtStepStart>
      <initializeActiveLoops>1</initializeActiveLoops>
      <initializeActiveYears>1990</initializeActiveYears>
      <spatialDataName>NH4</spatialDataName>
      <spatialDataFileFullName>o_10_ChemistryPools\NH4_Pool_2.asc</spatialDataFileFullName>
      <spatialDataLayer>2</spatialDataLayer>
    </INITIAL_NH4_2>
    <INITIAL_NH4_4>
      <initializeActiveJdays>1</initializeActiveJdays>
      <modelClass>SetSpatialDataByMapDisturbanceModel</modelClass>
      <occursAtStepStart>true</occursAtStepStart>
      <initializeActiveLoops>1</initializeActiveLoops>
      <initializeActiveYears>1990</initializeActiveYears>
      <spatialDataName>NH4</spatialDataName>
      <spatialDataFileFullName>o_10_ChemistryPools\NH4_Pool_4.asc</spatialDataFileFullName>
      <spatialDataLayer>4</spatialDataLayer>
    </INITIAL_NH4_4>
    <INITIAL_DETRITUS_AG_STEM_N>
      <initializeActiveJdays>1</initializeActiveJdays>
      <modelClass>SetSpatialDataByMapDisturbanceModel</modelClass>
      <occursAtStepStart>true</occursAtStepStart>
      <initializeActiveLoops>1</initializeActiveLoops>
      <initializeActiveYears>1990</initializeActiveYears>
      <spatialDataName>DETRITUS_AG_STEM_N</spatialDataName>
      <spatialDataFileFullName>o_10_ChemistryPools\N_g_Det_AgStem.asc</spatialDataFileFullName>
      <spatialDataLayer>1</spatialDataLayer>
    </INITIAL_DETRITUS_AG_STEM_N>
    <INITIAL_BIOMASS_LEAF_N>
      <initializeActiveJdays>1</initializeActiveJdays>
      <modelClass>SetSpatialDataByMapDisturbanceModel</modelClass>
      <occursAtStepStart>true</occursAtStepStart>
      <initializeActiveLoops>1</initializeActiveLoops>
      <initializeActiveYears>1990</initializeActiveYears>
      <spatialDataName>BIOMASS_LEAF_N</spatialDataName>
      <spatialDataFileFullName>o_10_ChemistryPools\N_g_leaf.asc</spatialDataFileFullName>
      <spatialDataLayer>1</spatialDataLayer>
    </INITIAL_BIOMASS_LEAF_N>
    <INITIAL_HUMUS_4>
      <initializeActiveJdays>1</initializeActiveJdays>
      <modelClass>SetSpatialDataByMapDisturbanceModel</modelClass>
      <occursAtStepStart>true</occursAtStepStart>
      <initializeActiveLoops>1</initializeActiveLoops>
      <initializeActiveYears>1990</initializeActiveYears>
      <spatialDataName>HUMUS</spatialDataName>
      <spatialDataFileFullName>o_10_ChemistryPools\N_g_Humus_4.asc</spatialDataFileFullName>
      <spatialDataLayer>4</spatialDataLayer>
    </INITIAL_HUMUS_4>
    <ModifySnowDepth>
      <spatialDataLayer>1</spatialDataLayer>
      <occursAtStepStart>true</occursAtStepStart>
      <setCellOutcome>REPLACE</setCellOutcome>
      <setMapValueMode>VALUE</setMapValueMode>
      <initializeActiveYears>2000</initializeActiveYears>
      <spatialDataFileFullName/>
      <spatialDataName>SnowDepth</spatialDataName>
      <initializeActiveJdays>1</initializeActiveJdays>
      <modelClass>ModifySpatialDataByMapDisturbanceModel</modelClass>
      <initializeActiveLoops>9999</initializeActiveLoops>
    </ModifySnowDepth>
    <INITIAL_DETRITUS_LEAF_N>
      <initializeActiveJdays>1</initializeActiveJdays>
      <modelClass>SetSpatialDataByMapDisturbanceModel</modelClass>
      <occursAtStepStart>true</occursAtStepStart>
      <initializeActiveLoops>1</initializeActiveLoops>
      <initializeActiveYears>1990</initializeActiveYears>
      <spatialDataName>DETRITUS_LEAF_N</spatialDataName>
      <spatialDataFileFullName>o_10_ChemistryPools\N_g_Det_leaf.asc</spatialDataFileFullName>
      <spatialDataLayer>1</spatialDataLayer>
    </INITIAL_DETRITUS_LEAF_N>
    <INITIAL_DON_4>
      <initializeActiveJdays>1</initializeActiveJdays>
      <modelClass>SetSpatialDataByMapDisturbanceModel</modelClass>
      <occursAtStepStart>true</occursAtStepStart>
      <initializeActiveLoops>1</initializeActiveLoops>
      <initializeActiveYears>1990</initializeActiveYears>
      <spatialDataName>DON</spatialDataName>
      <spatialDataFileFullName>o_10_ChemistryPools\DON_Pool_4.asc</spatialDataFileFullName>
      <spatialDataLayer>4</spatialDataLayer>
    </INITIAL_DON_4>
    <INITIAL_DON_3>
      <initializeActiveJdays>1</initializeActiveJdays>
      <modelClass>SetSpatialDataByMapDisturbanceModel</modelClass>
      <occursAtStepStart>true</occursAtStepStart>
      <initializeActiveLoops>1</initializeActiveLoops>
      <initializeActiveYears>1990</initializeActiveYears>
      <spatialDataName>DON</spatialDataName>
      <spatialDataFileFullName>o_10_ChemistryPools\DON_Pool_3.asc</spatialDataFileFullName>
      <spatialDataLayer>3</spatialDataLayer>
    </INITIAL_DON_3>
    <INITIAL_DON_2>
      <initializeActiveJdays>1</initializeActiveJdays>
      <modelClass>SetSpatialDataByMapDisturbanceModel</modelClass>
      <occursAtStepStart>true</occursAtStepStart>
      <initializeActiveLoops>1</initializeActiveLoops>
      <initializeActiveYears>1990</initializeActiveYears>
      <spatialDataName>DON</spatialDataName>
      <spatialDataFileFullName>o_10_ChemistryPools\DON_Pool_2.asc</spatialDataFileFullName>
      <spatialDataLayer>2</spatialDataLayer>
    </INITIAL_DON_2>
    <INITIAL_DON_1>
      <initializeActiveJdays>1</initializeActiveJdays>
      <modelClass>SetSpatialDataByMapDisturbanceModel</modelClass>
      <occursAtStepStart>true</occursAtStepStart>
      <initializeActiveLoops>1</initializeActiveLoops>
      <initializeActiveYears>1990</initializeActiveYears>
      <spatialDataName>DON</spatialDataName>
      <spatialDataFileFullName>o_10_ChemistryPools\DON_Pool_1.asc</spatialDataFileFullName>
      <spatialDataLayer>1</spatialDataLayer>
    </INITIAL_DON_1>
    <INITIAL_DETRITUS_BG_STEM_N_3>
      <initializeActiveJdays>1</initializeActiveJdays>
      <modelClass>SetSpatialDataByMapDisturbanceModel</modelClass>
      <occursAtStepStart>true</occursAtStepStart>
      <initializeActiveLoops>1</initializeActiveLoops>
      <initializeActiveYears>1990</initializeActiveYears>
      <spatialDataName>DETRITUS_BG_STEM_N</spatialDataName>
      <spatialDataFileFullName>o_10_ChemistryPools\N_g_Det_BgStem_3.asc</spatialDataFileFullName>
      <spatialDataLayer>3</spatialDataLayer>
    </INITIAL_DETRITUS_BG_STEM_N_3>
    <INITIAL_DETRITUS_BG_STEM_N_4>
      <initializeActiveJdays>1</initializeActiveJdays>
      <modelClass>SetSpatialDataByMapDisturbanceModel</modelClass>
      <occursAtStepStart>true</occursAtStepStart>
      <initializeActiveLoops>1</initializeActiveLoops>
      <initializeActiveYears>1990</initializeActiveYears>
      <spatialDataName>DETRITUS_BG_STEM_N</spatialDataName>
      <spatialDataFileFullName>o_10_ChemistryPools\N_g_Det_BgStem_4.asc</spatialDataFileFullName>
      <spatialDataLayer>4</spatialDataLayer>
    </INITIAL_DETRITUS_BG_STEM_N_4>
    <INITIAL_DETRITUS_BG_STEM_N_1>
      <initializeActiveJdays>1</initializeActiveJdays>
      <modelClass>SetSpatialDataByMapDisturbanceModel</modelClass>
      <occursAtStepStart>true</occursAtStepStart>
      <initializeActiveLoops>1</initializeActiveLoops>
      <initializeActiveYears>1990</initializeActiveYears>
      <spatialDataName>DETRITUS_BG_STEM_N</spatialDataName>
      <spatialDataFileFullName>o_10_ChemistryPools\N_g_Det_BgStem_1.asc</spatialDataFileFullName>
      <spatialDataLayer>1</spatialDataLayer>
    </INITIAL_DETRITUS_BG_STEM_N_1>
    <INITIAL_DETRITUS_BG_STEM_N_2>
      <initializeActiveJdays>1</initializeActiveJdays>
      <modelClass>SetSpatialDataByMapDisturbanceModel</modelClass>
      <occursAtStepStart>true</occursAtStepStart>
      <initializeActiveLoops>1</initializeActiveLoops>
      <initializeActiveYears>1990</initializeActiveYears>
      <spatialDataName>DETRITUS_BG_STEM_N</spatialDataName>
      <spatialDataFileFullName>o_10_ChemistryPools\N_g_Det_BgStem_2.asc</spatialDataFileFullName>
      <spatialDataLayer>2</spatialDataLayer>
    </INITIAL_DETRITUS_BG_STEM_N_2>
    <INITIAL_BIOMASS_AG_STEM_N>
      <initializeActiveJdays>1</initializeActiveJdays>
      <modelClass>SetSpatialDataByMapDisturbanceModel</modelClass>
      <occursAtStepStart>true</occursAtStepStart>
      <initializeActiveLoops>1</initializeActiveLoops>
      <initializeActiveYears>1990</initializeActiveYears>
      <spatialDataName>BIOMASS_AG_STEM_N</spatialDataName>
      <spatialDataFileFullName>o_10_ChemistryPools\N_g_AgStem.asc</spatialDataFileFullName>
      <spatialDataLayer>1</spatialDataLayer>
    </INITIAL_BIOMASS_AG_STEM_N>
    <INITIAL_DETRITUS_ROOT_N_2>
      <initializeActiveJdays>1</initializeActiveJdays>
      <modelClass>SetSpatialDataByMapDisturbanceModel</modelClass>
      <occursAtStepStart>true</occursAtStepStart>
      <initializeActiveLoops>1</initializeActiveLoops>
      <initializeActiveYears>1990</initializeActiveYears>
      <spatialDataName>DETRITUS_ROOT_N</spatialDataName>
      <spatialDataFileFullName>o_10_ChemistryPools\N_g_Det_root_2.asc</spatialDataFileFullName>
      <spatialDataLayer>2</spatialDataLayer>
    </INITIAL_DETRITUS_ROOT_N_2>
    <INITIAL_DETRITUS_ROOT_N_3>
      <initializeActiveJdays>1</initializeActiveJdays>
      <modelClass>SetSpatialDataByMapDisturbanceModel</modelClass>
      <occursAtStepStart>true</occursAtStepStart>
      <initializeActiveLoops>1</initializeActiveLoops>
      <initializeActiveYears>1990</initializeActiveYears>
      <spatialDataName>DETRITUS_ROOT_N</spatialDataName>
      <spatialDataFileFullName>o_10_ChemistryPools\N_g_Det_root_3.asc</spatialDataFileFullName>
      <spatialDataLayer>3</spatialDataLayer>
    </INITIAL_DETRITUS_ROOT_N_3>
    <INITIAL_DETRITUS_ROOT_N_4>
      <initializeActiveJdays>1</initializeActiveJdays>
      <modelClass>SetSpatialDataByMapDisturbanceModel</modelClass>
      <occursAtStepStart>true</occursAtStepStart>
      <initializeActiveLoops>1</initializeActiveLoops>
      <initializeActiveYears>1990</initializeActiveYears>
      <spatialDataName>DETRITUS_ROOT_N</spatialDataName>
      <spatialDataFileFullName>o_10_ChemistryPools\N_g_Det_root_4.asc</spatialDataFileFullName>
      <spatialDataLayer>4</spatialDataLayer>
    </INITIAL_DETRITUS_ROOT_N_4>
    <INITIAL_NO3_4>
      <initializeActiveJdays>1</initializeActiveJdays>
      <modelClass>SetSpatialDataByMapDisturbanceModel</modelClass>
      <occursAtStepStart>true</occursAtStepStart>
      <initializeActiveLoops>1</initializeActiveLoops>
      <initializeActiveYears>1990</initializeActiveYears>
      <spatialDataName>NO3</spatialDataName>
      <spatialDataFileFullName>o_10_ChemistryPools\NO3_Pool_4.asc</spatialDataFileFullName>
      <spatialDataLayer>4</spatialDataLayer>
    </INITIAL_NO3_4>
    <INITIAL_NO3_1>
      <initializeActiveJdays>1</initializeActiveJdays>
      <modelClass>SetSpatialDataByMapDisturbanceModel</modelClass>
      <occursAtStepStart>true</occursAtStepStart>
      <initializeActiveLoops>1</initializeActiveLoops>
      <initializeActiveYears>1990</initializeActiveYears>
      <spatialDataName>NO3</spatialDataName>
      <spatialDataFileFullName>o_10_ChemistryPools\NO3_Pool_1.asc</spatialDataFileFullName>
      <spatialDataLayer>1</spatialDataLayer>
    </INITIAL_NO3_1>
    <INITIAL_NO3_2>
      <initializeActiveJdays>1</initializeActiveJdays>
      <modelClass>SetSpatialDataByMapDisturbanceModel</modelClass>
      <occursAtStepStart>true</occursAtStepStart>
      <initializeActiveLoops>1</initializeActiveLoops>
      <initializeActiveYears>1990</initializeActiveYears>
      <spatialDataName>NO3</spatialDataName>
      <spatialDataFileFullName>o_10_ChemistryPools\NO3_Pool_2.asc</spatialDataFileFullName>
      <spatialDataLayer>2</spatialDataLayer>
    </INITIAL_NO3_2>
    <INITIAL_NO3_3>
      <initializeActiveJdays>1</initializeActiveJdays>
      <modelClass>SetSpatialDataByMapDisturbanceModel</modelClass>
      <occursAtStepStart>true</occursAtStepStart>
      <initializeActiveLoops>1</initializeActiveLoops>
      <initializeActiveYears>1990</initializeActiveYears>
      <spatialDataName>NO3</spatialDataName>
      <spatialDataFileFullName>o_10_ChemistryPools\NO3_Pool_3.asc</spatialDataFileFullName>
      <spatialDataLayer>3</spatialDataLayer>
    </INITIAL_NO3_3>
    <INITIAL_DOC_1>
      <initializeActiveJdays>1</initializeActiveJdays>
      <modelClass>SetSpatialDataByMapDisturbanceModel</modelClass>
      <occursAtStepStart>true</occursAtStepStart>
      <initializeActiveLoops>1</initializeActiveLoops>
      <initializeActiveYears>1990</initializeActiveYears>
      <spatialDataName>DOC</spatialDataName>
      <spatialDataFileFullName>o_10_ChemistryPools\DOC_Pool_1.asc</spatialDataFileFullName>
      <spatialDataLayer>1</spatialDataLayer>
    </INITIAL_DOC_1>
    <INITIAL_DETRITUS_ROOT_N_1>
      <initializeActiveJdays>1</initializeActiveJdays>
      <modelClass>SetSpatialDataByMapDisturbanceModel</modelClass>
      <occursAtStepStart>true</occursAtStepStart>
      <initializeActiveLoops>1</initializeActiveLoops>
      <initializeActiveYears>1990</initializeActiveYears>
      <spatialDataName>DETRITUS_ROOT_N</spatialDataName>
      <spatialDataFileFullName>o_10_ChemistryPools\N_g_Det_root_1.asc</spatialDataFileFullName>
      <spatialDataLayer>1</spatialDataLayer>
    </INITIAL_DETRITUS_ROOT_N_1>
    <INITIAL_DOC_4>
      <initializeActiveJdays>1</initializeActiveJdays>
      <modelClass>SetSpatialDataByMapDisturbanceModel</modelClass>
      <occursAtStepStart>true</occursAtStepStart>
      <initializeActiveLoops>1</initializeActiveLoops>
      <initializeActiveYears>1990</initializeActiveYears>
      <spatialDataName>DOC</spatialDataName>
      <spatialDataFileFullName>o_10_ChemistryPools\DOC_Pool_4.asc</spatialDataFileFullName>
      <spatialDataLayer>4</spatialDataLayer>
    </INITIAL_DOC_4>
    <INITIAL_DOC_3>
      <initializeActiveJdays>1</initializeActiveJdays>
      <modelClass>SetSpatialDataByMapDisturbanceModel</modelClass>
      <occursAtStepStart>true</occursAtStepStart>
      <initializeActiveLoops>1</initializeActiveLoops>
      <initializeActiveYears>1990</initializeActiveYears>
      <spatialDataName>DOC</spatialDataName>
      <spatialDataFileFullName>o_10_ChemistryPools\DOC_Pool_3.asc</spatialDataFileFullName>
      <spatialDataLayer>3</spatialDataLayer>
    </INITIAL_DOC_3>
    <INITIAL_DOC_2>
      <initializeActiveJdays>1</initializeActiveJdays>
      <modelClass>SetSpatialDataByMapDisturbanceModel</modelClass>
      <occursAtStepStart>true</occursAtStepStart>
      <initializeActiveLoops>1</initializeActiveLoops>
      <initializeActiveYears>1990</initializeActiveYears>
      <spatialDataName>DOC</spatialDataName>
      <spatialDataFileFullName>o_10_ChemistryPools\DOC_Pool_2.asc</spatialDataFileFullName>
      <spatialDataLayer>2</spatialDataLayer>
    </INITIAL_DOC_2>
  </disturbance>
  <mercury/>
  <penumbra/>
  <soil>
    <Soil3_sandy_loam>
      <nitrificationKmax>0.1</nitrificationKmax>
      <porosityFraction>0.453</porosityFraction>
      <nitrificationWfpsCoeff3>4.5</nitrificationWfpsCoeff3>
      <nitrificationWfpsCoeff2>1.5</nitrificationWfpsCoeff2>
      <nitrificationWfpsCoeff1>0.0</nitrificationWfpsCoeff1>
      <nitrificationWfpsCoeff0>0.5</nitrificationWfpsCoeff0>
      <bulkDensity>1.52</bulkDensity>
      <setSoilLayerWeights>0.25, 0.25, 0.25, 0.25</setSoilLayerWeights>
      <donLossFraction>0.03</donLossFraction>
      <docLossFraction>0.05</docLossFraction>
      <soilColumnDepth>2000.0</soilColumnDepth>
      <setDenitrificationSoilCondition>INTACT</setDenitrificationSoilCondition>
      <setSoilLayerKsLateralValues/>
      <uniqueId>3</uniqueId>
      <initialHumusCarbon>15000.0</initialHumusCarbon>
      <setAllowExtremaAtLayer/>
      <nh4LossFraction>0.01</nh4LossFraction>
      <pH>4.5</pH>
      <nitrificationToN2o>0.02</nitrificationToN2o>
      <ksVerticalExponentialDecayFactor>0.0013</ksVerticalExponentialDecayFactor>
      <humusNmaxDecay>0.00028</humusNmaxDecay>
      <nitrificationK1>0.2</nitrificationK1>
      <uniqueName>sandy loam</uniqueName>
      <no3LossFraction>0.05</no3LossFraction>
      <wiltPoint>0.095</wiltPoint>
      <setSoilLayerThicknesses/>
      <surfaceKs>600.0</surfaceKs>
      <fieldCapacity>0.207</fieldCapacity>
      <ksLateralExponentialDecayFactor>0.00155</ksLateralExponentialDecayFactor>
      <setSoilLayerKsVerticalValues/>
      <humusCtoN>35.7</humusCtoN>
    </Soil3_sandy_loam>
  </soil>
  <spatialDataWriter>
    <SnowDepth>
      <initializeActiveJdays>1, 90, 180, 270</initializeActiveJdays>
      <initializeSpatialDataSources>SnowDepth</initializeSpatialDataSources>
      <trimOutputToWatershedBoundary>false</trimOutputToWatershedBoundary>
      <modelClass>SpatialDataWriter</modelClass>
      <allowNonWatershedCellValues>false</allowNonWatershedCellValues>
      <initializeActiveLoops>1</initializeActiveLoops>
      <initializeResultsLocation>./SpatialResults</initializeResultsLocation>
      <initializeActiveYears>1990-2018</initializeActiveYears>
    </SnowDepth>
    <AirT>
      <initializeActiveJdays>1, 90, 180, 270</initializeActiveJdays>
      <initializeSpatialDataSources>AirTemperature</initializeSpatialDataSources>
      <modelClass>SpatialDataWriter</modelClass>
      <trimOutputToWatershedBoundary>false</trimOutputToWatershedBoundary>
      <allowNonWatershedCellValues>false</allowNonWatershedCellValues>
      <initializeResultsLocation>./SpatialResults</initializeResultsLocation>
      <initializeActiveLoops>1</initializeActiveLoops>
      <initializeActiveYears>1990-2018</initializeActiveYears>
    </AirT>
    <SnowMelt>
      <initializeActiveJdays>1, 90, 180, 270</initializeActiveJdays>
      <initializeSpatialDataSources>SnowMelt</initializeSpatialDataSources>
      <modelClass>SpatialDataWriter</modelClass>
      <trimOutputToWatershedBoundary>false</trimOutputToWatershedBoundary>
      <allowNonWatershedCellValues>false</allowNonWatershedCellValues>
      <initializeResultsLocation>./SpatialResults</initializeResultsLocation>
      <initializeActiveLoops>1</initializeActiveLoops>
      <initializeActiveYears>1990-2018</initializeActiveYears>
    </SnowMelt>
    <Rain>
      <initializeActiveJdays>1, 90, 180, 270</initializeActiveJdays>
      <initializeSpatialDataSources>Rain</initializeSpatialDataSources>
      <modelClass>SpatialDataWriter</modelClass>
      <trimOutputToWatershedBoundary>false</trimOutputToWatershedBoundary>
      <allowNonWatershedCellValues>false</allowNonWatershedCellValues>
      <initializeResultsLocation>./SpatialResults</initializeResultsLocation>
      <initializeActiveLoops>1</initializeActiveLoops>
      <initializeActiveYears>1990-2018</initializeActiveYears>
    </Rain>
    <Snow>
      <initializeActiveJdays>1, 90, 180, 270</initializeActiveJdays>
      <initializeSpatialDataSources>Snow</initializeSpatialDataSources>
      <modelClass>SpatialDataWriter</modelClass>
      <trimOutputToWatershedBoundary>false</trimOutputToWatershedBoundary>
      <allowNonWatershedCellValues>false</allowNonWatershedCellValues>
      <initializeResultsLocation>./SpatialResults</initializeResultsLocation>
      <initializeActiveLoops>1</initializeActiveLoops>
      <initializeActiveYears>1990-2018</initializeActiveYears>
    </Snow>
  </spatialDataWriter>
  <startups>
    <VelmaStartups.properties>
      <setSoilTemperatureModel>SWAT_DERIVED</setSoilTemperatureModel>
      <useExperimentalPsmCode>false</useExperimentalPsmCode>
      <spatialFileWritersDirName>ActiveSpatialFileWriters</spatialFileWritersDirName>
      <setEndStateSpatialDataLocationName/>
      <inputDataLocationDirName>DataInputs</inputDataLocationDirName>
      <cellFileWritersDirName>ActiveCellWriters</cellFileWritersDirName>
      <useIsotopeCode>false</useIsotopeCode>
      <disturbanceModelsDirName/>
      <useExperimentalHydrologyCode>false</useExperimentalHydrologyCode>
      <suppressAllOutputFiles>false</suppressAllOutputFiles>
      <setStartStateSpatialDataLocationName/>
      <inputDataLocationRootName>E:\VELMA_Runs\Oregon\HJA\HJAndrewAllGaugedWatersheds\HJA_WatershedsWithStreamTemp\HJAndrews</inputDataLocationRootName>
      <useExperimentalWaterTemperatureCode>false</useExperimentalWaterTemperatureCode>
      <notesText>13Nov19
Transferred the pour point location to WS10.
Updated the observed flow data to match timing. Used the updated HJA flow data released in last few years.
  - Observed data available was up to 2008. 

13Nov19
VELMA results were good for some years, and poor for other years. 
Here I both changed the NSE calculation from 1990 to 1991, and changed the snow parameters to the Tolt spatial weather parameters.
Snow Parameters:
  - rainOnSnowEffect: 0.5 to 0.1
  - snowFormationTemperature: -1.0 to 1.0
  - snowMeltRate: 5.0 to 4.5
  - snowMeltTemperature: 2.0 to 0.8

12Nov19
Setup Mack Creek for both flow and stream temperature testing. 
  - Pour point for Lookout Creek is: x447 y447
  - Runoff data is from: 1990 through 2017, with partial 2018. Observed data should not be used for 2018.
  - Stream temp has many data gaps, so results comparison will be made using Excel.

08Nov19
Added climate spatial data writers.

07Nov19
Added the spatial pools for initialization using Douglas fir. Imported the methods from the Tectah setup.
Updated the Age map to match LandTrendr.
Created weather pseudostations from PRISM climate data. Locations of the psuedostations are the HJA precipitation monitoring locations.
  - Reason for using psuedostations was to resolve the issue of mismatching weather data drivers.
  - Set up the MultipleWeightedLocationWeatherModel using the PRISM pseudo-probe lcoations obtained from the PRISM "Time Series Values for Individual Locations".

Updated the observed driver file to match the 1990-2018 years. File is now "HJA_Basin_obsq_1994-2007_driverFor1990-2018.csv". 
  - ***Should still only compute using 1994-2007 years of data. All other days outside those years are zeroed out.

04Nov19
HJA_STM_Testing &lt;-- HJA_Basin_defW_full_2015-8-11b
Setup the HJA full basin for testing of the STM model.

2019-7-17
(b) variant changes AST to SWAT_DERIVED, and inflow limiter to ALL_LAYERS

2015-8-11
HJA_Basin_defW_full_2015-8-11a &lt;-- HJA_Basin_defW_full_2014-6-02a
Changed from legacy Cover humus to Soil humus parameterization.
Changed from legacy global "qf_" chem loss to humus chem loss parameterization.
Set to run on SOF-004.

2014-6-02
Derived from BlueRiver_HJA_Basin_Full_defaultWeather_2014-2-05a.xml
Intially, only changed run_index.</notesText>
      <collectCalibrationData>true</collectCalibrationData>
      <setStreamTemperatureModel>BASELINE_LINEAR</setStreamTemperatureModel>
    </VelmaStartups.properties>
  </startups>
  <tidewater/>
  <weather>
    <MultipleWeightedLocationWeatherModel>
      <snowMeltRate>4.5</snowMeltRate>
      <rainOnSnowEffect>0.1</rainOnSnowEffect>
      <distanceExponent>2.0</distanceExponent>
      <uniqueId>1</uniqueId>
      <modelClass>gov.epa.velmasimulator.MultipleWeightedLocationWeatherModel</modelClass>
      <uniqueName>MultipleWeightedLocationWeatherModel</uniqueName>
      <snowMeltTemperature>0.8</snowMeltTemperature>
      <snowFormationTemperature>1.0</snowFormationTemperature>
      <weatherLocationsDataFileName>.\m_2_Weather\2_SpatialModel\PRISM\HJA_Stations_30m.csv</weatherLocationsDataFileName>
    </MultipleWeightedLocationWeatherModel>
  </weather>
</velmaConfiguration>
