<?xml version="1.0" encoding="UTF-8"?>
<metadata xml:lang="en"><Esri><CreaDate>20200220</CreaDate><CreaTime>15294700</CreaTime><ArcGISFormat>1.0</ArcGISFormat><SyncOnce>TRUE</SyncOnce><DataProperties><lineage><Process ToolSource="c:\program files\arcgis\pro\Resources\ArcToolbox\toolboxes\Conversion Tools.tbx\RasterToASCII" Date="20200220" Time="152947">RasterToASCII age_1990_ProjectRaster H:\VELMA\HammCreek\DataInputs\m_3_Age\HammCreekArea_Age_1990.ASC</Process></lineage></DataProperties></Esri></metadata>
