<?xml version="1.0" encoding="UTF-8"?>
<metadata xml:lang="en"><Esri><CreaDate>20200220</CreaDate><CreaTime>15570300</CreaTime><ArcGISFormat>1.0</ArcGISFormat><SyncOnce>TRUE</SyncOnce><DataProperties><lineage><Process ToolSource="c:\program files\arcgis\pro\Resources\ArcToolbox\toolboxes\Conversion Tools.tbx\RasterToASCII" Date="20200220" Time="155703">RasterToASCII hammcreekarea_age_1990.asc H:\VELMA\HammCreek\DataInputs\m_3_Age\hammcreek_age_1990.asc.ASC</Process></lineage></DataProperties></Esri></metadata>
