<?xml version="1.0" encoding="UTF-8"?>
<metadata xml:lang="en"><Esri><CreaDate>20200221</CreaDate><CreaTime>08432700</CreaTime><ArcGISFormat>1.0</ArcGISFormat><SyncOnce>TRUE</SyncOnce><DataProperties><lineage><Process ToolSource="c:\program files\arcgis\pro\Resources\ArcToolbox\toolboxes\Conversion Tools.tbx\RasterToASCII" Date="20200221" Time="084327">RasterToASCII hammcreekarea_age_1990_Clip4 L:\Lab\Velma\Case_Studies\WA_HammCreek\DataInputs\m_3_Age\hammcreek_age_1990_fixednrowncol.asc</Process></lineage></DataProperties></Esri></metadata>
